timestamp,total_time_min,distance_miles,activity_type,avg_hr_bpm,max_hr_bpm,source
2026-04-14 01:43:49,26.9,2.79915990406005,Running,139.3,151.0,Strava
2026-04-14 01:14:25,27.55,2.6121888476021224,Running,,,Strava
2026-04-12 19:25:19,10.15,0.9122373146755813,Running,156.6,167.0,Strava
2026-04-12 19:02:24,5.566666666666666,1.0048839897100676,Running,188.5,200.0,Strava
2026-04-12 18:20:56,39.88333333333333,3.6687710490014545,Running,151.1,169.0,Strava
2026-04-12 16:19:25,39.0,3.193731591832677,Running,143.8,173.0,Strava
2026-04-11 16:13:16,63.03333333333333,5.651447177103658,Running,146.2,165.0,Strava
2026-04-10 19:32:40,49.06666666666667,5.006151590092833,Running,149.2,163.0,Strava
2026-04-09 21:20:43,58.3,5.006400139187493,Running,167.4,193.0,Strava
2026-04-08 17:41:07,50.95,5.142418631240136,Running,150.2,167.0,Strava
2026-04-08 17:08:29,25.316666666666666,2.0558738364795506,Running,136.0,146.0,Strava
2026-04-07 01:08:44,37.06666666666667,3.2591621410019016,Running,131.7,141.0,Strava
2026-04-05 23:11:53,95.31666666666666,10.027713224054581,Running,161.0,194.0,Strava
2026-04-04 16:16:24,39.65,3.1248834926118785,Running,143.3,156.0,Strava
2026-04-04 03:21:24,42.333333333333336,4.220674313693813,Running,148.5,159.0,Strava
2026-04-02 20:59:47,10.85,0.17765046540817975,Running,145.2,160.0,Strava
2026-04-01 17:10:53,60.833333333333336,6.035020567437583,Running,144.5,170.0,Strava
2026-03-31 23:13:38,53.666666666666664,6.005505362446717,Running,163.6,182.0,Strava
2026-03-29 15:14:17,85.28333333333333,7.1063914399691805,Running,138.3,156.0,Strava
2026-03-28 17:26:02,32.11666666666667,3.475151304261374,Running,153.8,192.0,Strava
2026-03-28 16:03:47,19.833333333333332,1.9276225036350305,Running,150.2,167.0,Strava
2026-03-27 17:28:09,36.75,3.6560329079001335,Running,150.4,169.0,Strava
2026-03-22 20:39:08,151.46666666666667,12.14454372599948,Running,133.9,155.0,Strava
2026-03-22 04:05:01,81.93333333333334,8.089527383896504,Running,142.8,161.0,Strava
2026-03-21 16:03:12,20.433333333333334,1.9159406961860144,Running,,,Strava
2026-03-19 22:01:42,63.71666666666667,6.269837324617545,Running,151.7,173.0,Strava
2026-03-19 04:37:00,56.06666666666667,6.023711583630558,Running,143.1,159.0,Strava
2026-03-17 23:20:01,40.266666666666666,4.025749686206768,Running,145.2,175.0,Strava
2026-03-17 00:29:12,34.36666666666667,2.714653211875676,Running,,,Strava
2026-03-14 15:46:01,52.18333333333333,4.5013483788385305,Running,150.0,179.0,Strava
2026-03-13 23:48:03,53.31666666666667,5.148508084059305,Running,134.9,160.0,Strava
2026-03-13 05:29:27,64.03333333333333,6.003019871500118,Running,167.0,191.0,Strava
2026-03-12 06:00:09,33.516666666666666,3.473162911504095,Running,,,Strava
2026-03-11 00:53:43,1.65,0.1726794835149813,Running,,,Strava
2026-03-10 21:51:13,68.15,6.369256962481514,Running,,,Strava
2026-03-10 04:01:27,40.833333333333336,4.123678029502778,Running,147.6,169.0,Strava
2026-03-07 17:02:58,20.133333333333333,1.9224651099208372,Running,155.2,168.0,Strava
2026-03-06 00:46:56,37.1,4.00431232679235,Running,,,Strava
2026-03-05 05:59:28,51.03333333333333,5.502628406676029,Running,,,Strava
2026-03-04 05:51:47,44.016666666666666,4.041656828265003,Running,,,Strava
2026-03-03 19:56:39,17.066666666666666,1.8195657847316293,Running,,,Strava
2026-03-02 23:43:55,45.36666666666667,4.3189133433581475,Running,,,Strava
2026-03-01 15:02:56,20.033333333333335,2.897150384629724,Running,,,Strava
2026-03-01 14:25:17,13.15,1.2729441883007941,Running,,,Strava
2026-03-01 00:52:12,16.533333333333335,1.6262567263598742,Running,,,Strava
2026-02-26 22:38:20,57.266666666666666,5.010066238333727,Running,,,Strava
2026-02-24 23:46:41,36.05,3.1014577404401806,Running,,,Strava
2026-02-23 23:59:12,44.11666666666667,4.866901959809612,Running,,,Strava
2026-02-23 03:50:11,69.38333333333334,7.330147762436776,Running,,,Strava
2026-02-21 17:08:30,19.833333333333332,1.9174319907539739,Running,,,Strava
2026-02-21 06:02:08,43.666666666666664,4.707022754669616,Running,,,Strava
2026-02-20 06:45:47,36.68333333333333,3.6793965227981658,Running,,,Strava
2026-02-18 23:15:32,62.766666666666666,4.5643555743348205,Running,,,Strava
2026-02-18 01:04:20,41.13333333333333,3.498949880075062,Running,,,Strava
2026-02-14 17:36:08,138.9,14.002634620403397,Running,,,Strava
2026-02-13 22:20:55,45.86666666666667,4.587719189232853,Running,,,Strava
2026-02-12 22:44:12,44.88333333333333,4.435234319658991,Running,,,Strava
2026-02-11 00:16:10,50.88333333333333,4.590018268358458,Running,,,Strava
2026-02-10 03:09:06,32.733333333333334,2.3011917929088943,Running,,,Strava
2026-02-09 23:38:02,48.03333333333333,4.7968111151155135,Running,,,Strava
2026-02-07 17:04:04,19.833333333333332,1.9305429554972848,Running,,,Strava
2026-02-06 22:55:34,44.483333333333334,4.375955360582599,Running,,,Strava
2026-02-05 23:55:24,45.46666666666667,3.7817366125243894,Running,,,Strava
2026-02-04 23:10:59,33.86666666666667,3.1460101656579718,Running,,,Strava
2026-02-04 02:27:10,53.95,5.727689611890589,Running,,,Strava
2026-02-02 04:43:41,83.66666666666667,8.164340661389142,Running,,,Strava
2026-01-31 17:04:26,19.65,1.9184883244062785,Running,,,Strava
2026-01-30 22:19:06,39.8,3.48969142629898,Running,,,Strava
2026-01-29 23:52:37,48.45,4.860377546074789,Running,,,Strava
2026-01-27 22:58:36,45.766666666666666,4.265537425279929,Running,,,Strava
2026-01-25 17:05:41,117.03333333333333,13.110654056942598,Running,,,Strava
2026-01-24 18:11:28,55.88333333333333,5.077050219344576,Running,,,Strava
2026-01-22 22:39:12,58.21666666666667,4.750083885319448,Running,,,Strava
2026-01-22 02:23:48,42.86666666666667,2.9727714466800057,Running,,,Strava
2026-01-20 22:11:28,75.43333333333334,8.280164539500666,Running,,,Strava
2026-01-17 18:03:49,41.03333333333333,3.4028856549890016,Running,,,Strava
2026-01-17 17:17:39,41.983333333333334,3.329066573875005,Running,,,Strava
2026-01-16 23:01:59,46.21666666666667,4.581505461866355,Running,,,Strava
2026-01-15 01:30:17,57.083333333333336,5.356792225384319,Running,,,Strava
2026-01-13 02:32:20,44.96666666666667,3.4036934395466467,Running,,,Strava
2026-01-12 22:28:59,46.016666666666666,3.6834354455863894,Running,,,Strava
2026-01-11 21:35:40,80.43333333333334,8.310238979954516,Running,,,Strava
2026-01-10 17:07:50,19.783333333333335,1.929548759118645,Running,,,Strava
2026-01-06 02:42:26,64.35,6.118098102327663,Running,,,Strava
2026-01-05 04:37:51,69.45,7.189655386680254,Running,,,Strava
2026-01-03 17:06:48,25.3,1.8992879068437993,Running,,,Strava
2026-01-01 18:20:31,41.96666666666667,3.0370213876495957,Running,,,Strava
2026-01-01 00:48:51,52.0,4.03376539450955,Running,,,Strava
2025-12-31 02:14:33,66.38333333333334,6.561012589011645,Running,,,Strava
2025-12-27 19:53:00,38.13333333333333,3.679831483713821,Running,,,Strava
2025-12-27 17:05:35,20.85,1.891334335814682,Running,,,Strava
2025-12-24 00:57:20,42.233333333333334,3.6053288925895086,Running,,,Strava
2025-12-24 00:43:05,12.033333333333333,0.9814582375383698,Running,,,Strava
2025-12-23 02:40:55,49.28333333333333,4.85316962232965,Running,,,Strava
2025-12-20 08:10:42,44.733333333333334,4.780034051225969,Running,,,Strava
2025-12-17 04:48:23,42.93333333333333,3.6560329079001335,Running,161.3,177.0,Strava
2025-12-11 23:40:32,57.233333333333334,4.760150123653175,Running,,,Strava
2025-12-11 05:53:38,27.55,2.6999888152907405,Running,,,Strava
2025-12-06 17:06:22,19.75,1.8927013558353114,Running,,,Strava
2025-12-06 01:27:46,28.1,1.688269725477525,Running,,,Strava
2025-11-30 15:30:20,219.15,26.20154846085973,Running,,,Strava
2025-11-30 14:31:56,27.116666666666667,2.0242459641840753,Running,,,Strava
2025-11-29 08:58:25,27.85,2.5381212173934657,Running,,,Strava
2025-11-27 06:21:13,41.95,2.8825481253184537,Running,,,Strava
2025-11-25 02:36:21,100.76666666666667,10.003044726409584,Running,,,Strava
2025-11-22 17:04:38,21.233333333333334,1.9027675941690383,Running,,,Strava
