file_path,activity_id,activity_type,timestamp,total_time_min,distance_miles,calories,avg_hr_bpm,max_hr_bpm,avg_cadence_rpm,source,start_date,start_time
C:\Users\12063\Downloads\sqlite\run_performance_analysis\data\raw\tcx\00fa2a98-66c6-4412-8883-7569365c93ee.tcx,2025-11-05T05:37:34.728Z,Running,2025-11-05 05:37:34,75.44068333333333,6.521800964540777,418.0,,,144.0,Nike,2025-11-05,05:37:34.728000
C:\Users\12063\Downloads\sqlite\run_performance_analysis\data\raw\tcx\028a0abc-594b-4370-b62e-63fb6ee649dc.tcx,2023-03-14T22:33:53.143Z,Running,2023-03-14 22:33:53,35.73416666666667,3.657314463978033,314.0,156.0,180.0,177.0,Nike,2023-03-14,22:33:53.143000
C:\Users\12063\Downloads\sqlite\run_performance_analysis\data\raw\tcx\05953318-92c4-459a-b4a7-747679bf53b5.tcx,2023-03-09T23:48:40.713Z,Running,2023-03-09 23:48:40,21.005616666666665,1.9911648946484928,164.0,167.0,179.0,171.0,Nike,2023-03-09,23:48:40.713000
C:\Users\12063\Downloads\sqlite\run_performance_analysis\data\raw\tcx\097197ae-750a-461e-8d5f-7bf834644ef4.tcx,2025-12-11T23:40:32.407Z,Running,2025-12-11 23:40:32,49.0797,4.760132487292938,313.0,,,156.0,Nike,2025-12-11,23:40:32.407000
C:\Users\12063\Downloads\sqlite\run_performance_analysis\data\raw\tcx\09ac87a6-cf81-495d-83da-eede75c64122.tcx,2025-04-13T13:27:42.524Z,Running,2025-04-13 13:27:42,12.421416666666666,1.0429530520054666,64.0,,,146.0,Nike,2025-04-13,13:27:42.524000
C:\Users\12063\Downloads\sqlite\run_performance_analysis\data\raw\tcx\0aec99b7-e0cf-441e-b128-b91661677d6e.tcx,2025-01-11T17:02:49.926Z,Running,2025-01-11 17:02:49,26.701649999999997,3.1630127719440257,211.0,,,169.0,Nike,2025-01-11,17:02:49.926000
C:\Users\12063\Downloads\sqlite\run_performance_analysis\data\raw\tcx\0b0f60b3-57ba-4a5e-8787-c59304999612.tcx,2025-04-07T13:27:11.631Z,Running,2025-04-07 13:27:11,10.348916666666666,1.0870327212145103,71.0,,,156.0,Nike,2025-04-07,13:27:11.631000
C:\Users\12063\Downloads\sqlite\run_performance_analysis\data\raw\tcx\0c1bb8db-1df0-4930-b3fd-1f012cf7ffff.tcx,2022-11-17T00:24:43.897Z,Running,2022-11-17 00:24:43,13.539416666666666,1.7976214820721874,160.0,152.0,183.0,186.0,Nike,2022-11-17,00:24:43.897000
C:\Users\12063\Downloads\sqlite\run_performance_analysis\data\raw\tcx\0e01d762-5924-4418-be97-3e0abfd4c1d8.tcx,2023-05-20T16:10:49.685Z,Running,2023-05-20 16:10:49,7.3483833333333335,0.7582407567023419,58.0,126.0,149.0,162.0,Nike,2023-05-20,16:10:49.685000
C:\Users\12063\Downloads\sqlite\run_performance_analysis\data\raw\tcx\0e119060-8d99-4218-952d-8533446c26d7.tcx,2025-10-15T22:24:41.112Z,Running,2025-10-15 22:24:41,77.70004999999999,7.000157611864029,449.0,,,148.0,Nike,2025-10-15,22:24:41.112000
C:\Users\12063\Downloads\sqlite\run_performance_analysis\data\raw\tcx\0fe17327-681a-4178-9b50-8eb71fa5b314.tcx,2025-11-27T06:21:13.674Z,Running,2025-11-27 06:21:13,29.791816666666666,2.88255320299666,193.0,,,149.0,Nike,2025-11-27,06:21:13.674000
C:\Users\12063\Downloads\sqlite\run_performance_analysis\data\raw\tcx\10c9496d-53f4-4694-8141-3bbd255649be.tcx,2025-10-22T22:30:13.937Z,Running,2025-10-22 22:30:13,63.094516666666664,5.432652780935718,345.0,,,158.0,Nike,2025-10-22,22:30:13.937000
C:\Users\12063\Downloads\sqlite\run_performance_analysis\data\raw\tcx\115d2008-3127-45cd-b1b7-bd65c6883cbf.tcx,2025-11-15T17:07:47.448Z,Running,2025-11-15 17:07:47,19.302666666666667,1.889197894624287,123.0,,,161.0,Nike,2025-11-15,17:07:47.448000
C:\Users\12063\Downloads\sqlite\run_performance_analysis\data\raw\tcx\11707c04-0778-4ae2-b5d0-f9d3d9d44680.tcx,2023-05-26T18:23:17.251Z,Running,2023-05-26 18:23:17,61.63806666666667,5.2453803712494524,496.0,156.0,193.0,142.0,Nike,2023-05-26,18:23:17.251000
C:\Users\12063\Downloads\sqlite\run_performance_analysis\data\raw\tcx\1191dac6-cd6f-47ae-97ce-b1ecef915188.tcx,2023-07-25T13:40:33.374Z,Running,2023-07-25 13:40:33,56.6984,7.0941138667769374,633.0,165.0,193.0,170.0,Nike,2023-07-25,13:40:33.374000
C:\Users\12063\Downloads\sqlite\run_performance_analysis\data\raw\tcx\11fec1a9-a023-4e40-bd0d-d6728503fd80.tcx,2022-11-16T23:31:45.941Z,Running,2022-11-16 23:31:45,0.6076333333333334,0.04299871377870161,2.0,156.0,159.0,142.0,Nike,2022-11-16,23:31:45.941000
C:\Users\12063\Downloads\sqlite\run_performance_analysis\data\raw\tcx\12160628-74cd-4433-8061-2502c01897d6.tcx,2026-02-14T17:36:08.259Z,Running,2026-02-14 17:36:08,131.98935,14.002613217577194,924.0,,,157.0,Nike,2026-02-14,17:36:08.259000
C:\Users\12063\Downloads\sqlite\run_performance_analysis\data\raw\tcx\128423fc-717e-4528-97b3-5efc036e55b5.tcx,2025-06-23T22:38:52.436Z,Running,2025-06-23 22:38:52,11.589983333333333,1.0775196474926036,69.0,,,164.0,Nike,2025-06-23,22:38:52.436000
C:\Users\12063\Downloads\sqlite\run_performance_analysis\data\raw\tcx\12c9251d-6732-4d14-bd70-b9886c98206c.tcx,2025-09-10T23:48:46.885Z,Running,2025-09-10 23:48:46,10.479366666666666,1.0656608710938076,69.0,,,153.0,Nike,2025-09-10,23:48:46.885000
C:\Users\12063\Downloads\sqlite\run_performance_analysis\data\raw\tcx\16548713-a9eb-4587-befc-355346d24f34.tcx,2024-05-03T18:53:32.148Z,Running,2024-05-03 18:53:32,99.43091666666666,8.476401938016398,830.0,178.0,202.0,148.0,Nike,2024-05-03,18:53:32.148000
C:\Users\12063\Downloads\sqlite\run_performance_analysis\data\raw\tcx\19dbc639-37b1-4cae-8ae4-5d04caea031f.tcx,2026-02-02T04:43:41.284Z,Running,2026-02-02 04:43:41,79.79328333333333,8.164308462820086,538.0,,,162.0,Nike,2026-02-02,04:43:41.284000
C:\Users\12063\Downloads\sqlite\run_performance_analysis\data\raw\tcx\1a7405f0-9f50-4822-9946-46c620b46848.tcx,2025-10-24T23:27:11.729Z,Running,2025-10-24 23:27:11,47.93513333333333,3.6920937670080685,231.0,,,142.0,Nike,2025-10-24,23:27:11.729000
C:\Users\12063\Downloads\sqlite\run_performance_analysis\data\raw\tcx\1bcc2372-ecac-4a47-bf8b-069ab0ebb1f5.tcx,2022-11-21T23:07:38.420Z,Running,2022-11-21 23:07:38,9.035983333333332,0.9192078893875925,90.0,139.0,181.0,174.0,Nike,2022-11-21,23:07:38.420000
C:\Users\12063\Downloads\sqlite\run_performance_analysis\data\raw\tcx\1e5b7489-676d-40a0-b66c-22bc1493fcce.tcx,2025-09-06T02:05:26.727Z,Running,2025-09-06 02:05:26,31.376199999999997,2.711136698452004,174.0,,,147.0,Nike,2025-09-06,02:05:26.727000
C:\Users\12063\Downloads\sqlite\run_performance_analysis\data\raw\tcx\1ef0b76a-7a0d-4278-aae3-7bf4fe7bca9f.tcx,2024-11-21T00:48:32.605Z,Running,2024-11-21 00:48:32,39.25216666666667,3.746414762226261,237.0,178.0,194.0,150.0,Nike,2024-11-21,00:48:32.605000
C:\Users\12063\Downloads\sqlite\run_performance_analysis\data\raw\tcx\1f2e17d2-5952-403d-97e0-8edb72abe376.tcx,2026-01-12T22:28:59.349Z,Running,2026-01-12 22:28:59,42.30628333333333,3.6834285056275484,232.0,,,132.0,Nike,2026-01-12,22:28:59.349000
C:\Users\12063\Downloads\sqlite\run_performance_analysis\data\raw\tcx\209ee95d-c15e-4ab4-b71b-08aedd8d03f9.tcx,2022-11-16T23:36:45.607Z,Running,2022-11-16 23:36:45,27.435166666666664,3.6144884823933663,297.0,173.0,190.0,180.0,Nike,2022-11-16,23:36:45.607000
C:\Users\12063\Downloads\sqlite\run_performance_analysis\data\raw\tcx\210f8ec1-5d6b-457e-9b62-f5854fa121d7.tcx,2026-01-29T23:52:37.068Z,Running,2026-01-29 23:52:37,48.32608333333334,4.860352563620444,316.0,,,152.0,Nike,2026-01-29,23:52:37.068000
C:\Users\12063\Downloads\sqlite\run_performance_analysis\data\raw\tcx\23eb4147-6fad-4130-8552-bdc2d39aa2ad.tcx,2025-05-01T14:22:31.164Z,Running,2025-05-01 14:22:31,11.038416666666667,1.0655799989046586,68.0,,,154.0,Nike,2025-05-01,14:22:31.164000
C:\Users\12063\Downloads\sqlite\run_performance_analysis\data\raw\tcx\24a9641d-de83-476a-b677-6a9dbf36450c.tcx,2023-10-03T14:10:03.254Z,Running,2023-10-03 14:10:03,30.1904,2.8185156467074335,183.0,147.0,164.0,155.0,Nike,2023-10-03,14:10:03.254000
C:\Users\12063\Downloads\sqlite\run_performance_analysis\data\raw\tcx\24fcd426-54c9-4f9a-96b6-951dfe34e462.tcx,2024-09-08T00:38:07.425Z,Running,2024-09-08 00:38:07,61.82021666666667,6.007990035616815,388.0,,,159.0,Nike,2024-09-08,00:38:07.425000
C:\Users\12063\Downloads\sqlite\run_performance_analysis\data\raw\tcx\26296889-1846-4018-9385-5736c353302e.tcx,2025-11-22T17:04:38.390Z,Running,2025-11-22 17:04:38,21.2428,1.902792389084975,121.0,,,159.0,Nike,2025-11-22,17:04:38.390000
C:\Users\12063\Downloads\sqlite\run_performance_analysis\data\raw\tcx\262d6d95-d2af-47b9-a212-c7a5f015be49.tcx,2025-10-10T06:02:39.592Z,Running,2025-10-10 06:02:39,28.299116666666666,2.5802493339984838,165.0,,,158.0,Nike,2025-10-10,06:02:39.592000
C:\Users\12063\Downloads\sqlite\run_performance_analysis\data\raw\tcx\2807ff26-06f7-4a0e-ac99-b47b254ad4f8.tcx,2023-05-20T19:04:43.384Z,Running,2023-05-20 19:04:43,2228.6688,1.7285065747609911,146.0,91.0,170.0,1.0,Nike,2023-05-20,19:04:43.384000
C:\Users\12063\Downloads\sqlite\run_performance_analysis\data\raw\tcx\2824b5e5-dc10-47ab-847e-020c10f618d0.tcx,2025-11-30T15:30:20.902Z,Running,2025-11-30 15:30:20,218.72224999999997,26.20155082534387,1752.0,,,169.0,Nike,2025-11-30,15:30:20.902000
C:\Users\12063\Downloads\sqlite\run_performance_analysis\data\raw\tcx\2937b517-4a1f-42a3-b463-12bf29ae32a1.tcx,2023-06-18T20:01:53.698Z,Running,2023-06-18 20:01:53,34.08715,3.6177369430708852,299.0,151.0,187.0,166.0,Nike,2023-06-18,20:01:53.698000
C:\Users\12063\Downloads\sqlite\run_performance_analysis\data\raw\tcx\299af3f5-e65f-4f33-bcfb-bd20b8364a1a.tcx,2026-02-18T23:15:32.627Z,Running,2026-02-18 23:15:32,59.06223333333333,4.564328844373822,279.0,,,150.0,Nike,2026-02-18,23:15:32.627000
C:\Users\12063\Downloads\sqlite\run_performance_analysis\data\raw\tcx\2a28ad40-6714-4973-a8eb-ef98fbb8c091.tcx,2025-12-23T02:40:55.336Z,Running,2025-12-23 02:40:55,49.20505,4.853166499065959,318.0,,,154.0,Nike,2025-12-23,02:40:55.336000
C:\Users\12063\Downloads\sqlite\run_performance_analysis\data\raw\tcx\2a56044f-d39e-40ab-9ed4-ef5ab4cda18a.tcx,2026-01-16T23:01:59.547Z,Running,2026-01-16 23:01:59,46.220816666666664,4.581480293843789,298.0,,,158.0,Nike,2026-01-16,23:01:59.547000
C:\Users\12063\Downloads\sqlite\run_performance_analysis\data\raw\tcx\2b070bbc-2fac-4f64-a4f3-700494168741.tcx,2023-07-17T19:19:05.315Z,Running,2023-07-17 19:19:05,21.954816666666666,2.5584558754851194,215.0,156.0,181.0,169.0,Nike,2023-07-17,19:19:05.315000
C:\Users\12063\Downloads\sqlite\run_performance_analysis\data\raw\tcx\2b5b5cf3-de62-4ecd-93a6-b62bf295cce8.tcx,2019-11-11T00:38:04.571Z,Running,2019-11-11 00:38:04,24.399966666666668,2.9396939314497956,198.0,,,,Nike,2019-11-11,00:38:04.571000
C:\Users\12063\Downloads\sqlite\run_performance_analysis\data\raw\tcx\2b7ee921-33aa-49f7-be50-75f933eb2baa.tcx,2025-07-12T16:05:01.133Z,Running,2025-07-12 16:05:01,21.76738333333333,1.9559155203602832,126.0,,,152.0,Nike,2025-07-12,16:05:01.133000
C:\Users\12063\Downloads\sqlite\run_performance_analysis\data\raw\tcx\2c92d187-5d49-45fa-a90a-463328e90170.tcx,2025-11-22T01:44:23.850Z,Running,2025-11-22 01:44:23,61.900416666666665,5.16484708046848,324.0,,,130.0,Nike,2025-11-22,01:44:23.850000
C:\Users\12063\Downloads\sqlite\run_performance_analysis\data\raw\tcx\2d1f1fa6-d117-4bb1-a505-aec1cfb4fdc4.tcx,2025-06-28T03:55:19.109Z,Running,2025-06-28 03:55:19,27.375716666666666,2.466925306825528,159.0,,,156.0,Nike,2025-06-28,03:55:19.109000
C:\Users\12063\Downloads\sqlite\run_performance_analysis\data\raw\tcx\2dd48056-eea2-4ecd-b1a2-118e66a73801.tcx,2022-11-21T23:20:39.591Z,Running,2022-11-21 23:20:39,13.797,1.509019687523142,139.0,137.0,179.0,157.0,Nike,2022-11-21,23:20:39.591000
C:\Users\12063\Downloads\sqlite\run_performance_analysis\data\raw\tcx\2ddc2379-f54a-446b-9f5e-643880ea1933.tcx,2025-04-24T15:55:19.216Z,Running,2025-04-24 15:55:19,9.540866666666666,1.0568127370946958,69.0,,,163.0,Nike,2025-04-24,15:55:19.216000
C:\Users\12063\Downloads\sqlite\run_performance_analysis\data\raw\tcx\2e135d74-c6d8-4d3d-b672-054956d3e06e.tcx,2026-02-23T03:50:11.004Z,Running,2026-02-23 03:50:11,69.22131666666668,7.330142135726345,482.0,,,161.0,Nike,2026-02-23,03:50:11.004000
C:\Users\12063\Downloads\sqlite\run_performance_analysis\data\raw\tcx\30e189a2-d4c0-4bac-b799-4a17b45e0825.tcx,2025-08-21T13:10:56.028Z,Running,2025-08-21 13:10:56,47.470166666666664,4.85233240349567,318.0,,,159.0,Nike,2025-08-21,13:10:56.028000
C:\Users\12063\Downloads\sqlite\run_performance_analysis\data\raw\tcx\317d9696-3c60-48d5-9f11-99483df08465.tcx,2025-07-15T03:19:13.693Z,Running,2025-07-15 03:19:13,56.94418333333333,6.380597761958987,425.0,,,166.0,Nike,2025-07-15,03:19:13.693000
C:\Users\12063\Downloads\sqlite\run_performance_analysis\data\raw\tcx\32df34cf-2f3a-49b0-9651-47e5bf723f62.tcx,2023-03-28T22:45:22.110Z,Running,2023-03-28 22:45:22,32.37766666666667,3.3560072371523524,307.0,144.0,194.0,184.0,Nike,2023-03-28,22:45:22.110000
C:\Users\12063\Downloads\sqlite\run_performance_analysis\data\raw\tcx\3323ff4b-0af2-446b-9b89-1b45af94891d.tcx,2025-07-26T00:35:04.101Z,Running,2025-07-26 00:35:04,45.931666666666665,4.859362554712755,320.0,160.0,171.0,160.0,Nike,2025-07-26,00:35:04.101000
C:\Users\12063\Downloads\sqlite\run_performance_analysis\data\raw\tcx\33a1d038-792d-4a67-baf3-c30cb8b2b276.tcx,2023-06-08T22:19:14.759Z,Running,2023-06-08 22:19:14,69.07768333333334,6.989169656917986,681.0,146.0,185.0,160.0,Nike,2023-06-08,22:19:14.759000
C:\Users\12063\Downloads\sqlite\run_performance_analysis\data\raw\tcx\34331e31-c8f8-4bab-8b0c-2b8536a786d3.tcx,2025-06-14T20:29:09.141Z,Running,2025-06-14 20:29:09,82.64976666666666,8.006224706496905,520.0,,,154.0,Nike,2025-06-14,20:29:09.141000
C:\Users\12063\Downloads\sqlite\run_performance_analysis\data\raw\tcx\34e276aa-bda6-4519-bfe4-8da014988166.tcx,2025-08-24T13:13:36.433Z,Running,2025-08-24 13:13:36,14.474933333333333,2.0175017897954337,136.0,,,164.0,Nike,2025-08-24,13:13:36.433000
C:\Users\12063\Downloads\sqlite\run_performance_analysis\data\raw\tcx\362d6714-6deb-4a38-962a-c78682694673.tcx,2025-10-20T23:42:58.644Z,Running,2025-10-20 23:42:58,92.66916666666665,8.261783087033637,539.0,,,141.0,Nike,2025-10-20,23:42:58.644000
C:\Users\12063\Downloads\sqlite\run_performance_analysis\data\raw\tcx\371440bd-8d84-4c15-8949-a8fb2d917968.tcx,2025-11-02T00:20:19.219Z,Running,2025-11-02 00:20:19,131.02115,4.023325199740515,232.0,,,89.0,Nike,2025-11-02,00:20:19.219000
C:\Users\12063\Downloads\sqlite\run_performance_analysis\data\raw\tcx\378a2cff-065c-47fe-ab02-6bf765d2046a.tcx,2026-02-26T22:38:20.476Z,Running,2026-02-26 22:38:20,50.66293333333333,5.01004502207667,330.0,,,159.0,Nike,2026-02-26,22:38:20.476000
C:\Users\12063\Downloads\sqlite\run_performance_analysis\data\raw\tcx\38089c04-e1ad-47a7-9d64-5dd790fbde17.tcx,2023-04-29T21:00:05.285Z,Running,2023-04-29 21:00:05,39.44198333333333,4.225225876865395,358.0,164.0,188.0,157.0,Nike,2023-04-29,21:00:05.285000
C:\Users\12063\Downloads\sqlite\run_performance_analysis\data\raw\tcx\390bb104-e227-4026-804a-9b69144e9b6a.tcx,2023-03-25T20:28:23.225Z,Running,2023-03-25 20:28:23,15.348383333333334,1.600505950676156,142.0,147.0,196.0,141.0,Nike,2023-03-25,20:28:23.225000
C:\Users\12063\Downloads\sqlite\run_performance_analysis\data\raw\tcx\39fef0fa-a8bd-43fc-b6df-d838b869c002.tcx,2023-04-18T22:33:04.649Z,Running,2023-04-18 22:33:04,29.350633333333334,3.045722234494573,251.0,177.0,193.0,181.0,Nike,2023-04-18,22:33:04.649000
C:\Users\12063\Downloads\sqlite\run_performance_analysis\data\raw\tcx\3b0a2e07-2a95-45af-b16e-450310941de5.tcx,2025-04-11T17:38:49.984Z,Running,2025-04-11 17:38:49,9.4238,1.0704031794606814,71.0,,,166.0,Nike,2025-04-11,17:38:49.984000
C:\Users\12063\Downloads\sqlite\run_performance_analysis\data\raw\tcx\3bee1a4d-71c5-483a-8aa1-8927ae8ba863.tcx,2026-02-24T23:46:41.408Z,Running,2026-02-24 23:46:41,32.964816666666664,3.1014766362953674,204.0,,,134.0,Nike,2026-02-24,23:46:41.408000
C:\Users\12063\Downloads\sqlite\run_performance_analysis\data\raw\tcx\3c6fef6e-9291-4b10-aaf1-83ddeb6ccc63.tcx,2025-11-10T05:25:09.392Z,Running,2025-11-10 05:25:09,55.95565,3.054010946923647,169.0,,,109.0,Nike,2025-11-10,05:25:09.392000
C:\Users\12063\Downloads\sqlite\run_performance_analysis\data\raw\tcx\3dca3bd3-5685-47cf-b3da-6b45c1c5e274.tcx,2023-06-06T21:52:55.453Z,Running,2023-06-06 21:52:55,41.912816666666664,4.566419718086032,302.0,,,169.0,Nike,2023-06-06,21:52:55.453000
C:\Users\12063\Downloads\sqlite\run_performance_analysis\data\raw\tcx\3dca4fcb-95de-4607-a090-9f4d236116aa.tcx,2025-11-07T06:36:56.848Z,Running,2025-11-07 06:36:56,19.274800000000003,1.6754784587545732,105.0,,,140.0,Nike,2025-11-07,06:36:56.848000
C:\Users\12063\Downloads\sqlite\run_performance_analysis\data\raw\tcx\3f2054af-5a75-4420-b1fa-e93c9666d2a6.tcx,2023-02-27T23:40:47.727Z,Running,2023-02-27 23:40:47,38.7168,3.57241266166473,289.0,166.0,195.0,141.0,Nike,2023-02-27,23:40:47.727000
C:\Users\12063\Downloads\sqlite\run_performance_analysis\data\raw\tcx\410ea26d-8040-401f-add6-ad6c992272c8.tcx,2022-11-26T22:59:00.299Z,Running,2022-11-26 22:59:00,72.61030000000001,9.064151229398973,824.0,170.0,195.0,177.0,Nike,2022-11-26,22:59:00.299000
C:\Users\12063\Downloads\sqlite\run_performance_analysis\data\raw\tcx\4218eb83-7034-48f8-9506-8e28dbf256ed.tcx,2023-03-07T23:21:32.221Z,Running,2023-03-07 23:21:32,6.064233333333333,0.5771086920973687,50.0,153.0,171.0,148.0,Nike,2023-03-07,23:21:32.221000
C:\Users\12063\Downloads\sqlite\run_performance_analysis\data\raw\tcx\42fd29b5-a7cd-4ed8-88d9-a26c393ccd43.tcx,2025-06-19T22:42:45.364Z,Running,2025-06-19 22:42:45,62.66498333333333,3.2793228664371883,194.0,,,115.0,Nike,2025-06-19,22:42:45.364000
C:\Users\12063\Downloads\sqlite\run_performance_analysis\data\raw\tcx\43336d5f-ac0c-44a7-b753-e21ed0069f80.tcx,2026-01-01T18:20:31.853Z,Running,2026-01-01 18:20:31,38.82985,3.037031850401436,184.0,,,142.0,Nike,2026-01-01,18:20:31.853000
C:\Users\12063\Downloads\sqlite\run_performance_analysis\data\raw\tcx\436c51c6-3b1c-4e9d-ac11-d134e30b3a2c.tcx,2022-09-03T21:45:45.544Z,Running,2022-09-03 21:45:45,29.527949999999997,2.1970234247984997,132.0,138.0,188.0,128.0,Nike,2022-09-03,21:45:45.544000
C:\Users\12063\Downloads\sqlite\run_performance_analysis\data\raw\tcx\446d33f8-c63b-4fec-9f9e-64651f31ddce.tcx,2025-06-16T05:03:31.467Z,Running,2025-06-16 05:03:31,33.2731,2.8464119704189734,178.0,,,149.0,Nike,2025-06-16,05:03:31.467000
C:\Users\12063\Downloads\sqlite\run_performance_analysis\data\raw\tcx\451dfe0c-dcf1-4713-b772-3fb5c4fd130f.tcx,2026-01-17T18:03:49.313Z,Running,2026-01-17 18:03:49,40.579100000000004,3.402881780316319,214.0,,,149.0,Nike,2026-01-17,18:03:49.313000
C:\Users\12063\Downloads\sqlite\run_performance_analysis\data\raw\tcx\459a26af-59a6-4c30-a883-5776d8e875b3.tcx,2023-03-02T23:21:11.435Z,Running,2023-03-02 23:21:11,8.984683333333333,0.7322153959773811,56.0,142.0,172.0,124.0,Nike,2023-03-02,23:21:11.435000
C:\Users\12063\Downloads\sqlite\run_performance_analysis\data\raw\tcx\45a07993-635d-414a-b63a-287e114dfea8.tcx,2023-04-04T22:44:50.438Z,Running,2023-04-04 22:44:50,40.20366666666666,4.31873140304511,342.0,167.0,198.0,142.0,Nike,2023-04-04,22:44:50.438000
C:\Users\12063\Downloads\sqlite\run_performance_analysis\data\raw\tcx\45d98670-e37e-4cc2-bcef-ae6eafd1c5b8.tcx,2026-01-13T02:32:20.137Z,Running,2026-01-13 02:32:20,42.5103,3.4036682019526676,207.0,,,147.0,Nike,2026-01-13,02:32:20.137000
C:\Users\12063\Downloads\sqlite\run_performance_analysis\data\raw\tcx\47815e05-4eca-408e-86f2-6d6a2211ff5e.tcx,2023-02-03T21:44:19.572Z,Running,2023-02-03 21:44:19,26.3931,2.4924072761366216,227.0,135.0,184.0,147.0,Nike,2023-02-03,21:44:19.572000
C:\Users\12063\Downloads\sqlite\run_performance_analysis\data\raw\tcx\4a2748ca-fa0d-4b70-a754-e4d350caee70.tcx,2023-04-21T20:33:49.440Z,Running,2023-04-21 20:33:49,33.93405,3.8202659990998002,328.0,167.0,194.0,182.0,Nike,2023-04-21,20:33:49.440000
C:\Users\12063\Downloads\sqlite\run_performance_analysis\data\raw\tcx\4ab19a8f-a6a1-45c5-8e27-cd438c240d1a.tcx,2023-10-03T14:06:26.655Z,Running,2023-10-03 14:06:26,3.1549166666666664,0.2940375359046832,24.0,165.0,170.0,133.0,Nike,2023-10-03,14:06:26.655000
C:\Users\12063\Downloads\sqlite\run_performance_analysis\data\raw\tcx\4b0571cc-1d83-4600-b078-e3afd37e32f4.tcx,2023-10-07T17:11:57.728Z,Running,2023-10-07 17:11:57,21.254450000000002,3.1561681608774856,257.0,186.0,188.0,174.0,Nike,2023-10-07,17:11:57.728000
C:\Users\12063\Downloads\sqlite\run_performance_analysis\data\raw\tcx\4b3ce9d3-9129-4f07-b9cf-0deee11d0b7a.tcx,2025-11-04T00:39:23.898Z,Running,2025-11-04 00:39:23,50.24633333333334,4.403926655931035,278.0,,,151.0,Nike,2025-11-04,00:39:23.898000
C:\Users\12063\Downloads\sqlite\run_performance_analysis\data\raw\tcx\4c1ce2e3-f2a5-4229-8743-6f91a17b6b08.tcx,2026-02-11T00:16:10.946Z,Running,2026-02-11 00:16:10,47.81323333333333,4.58998521836639,298.0,,,155.0,Nike,2026-02-11,00:16:10.946000
C:\Users\12063\Downloads\sqlite\run_performance_analysis\data\raw\tcx\4c81a2ae-d495-4164-ab92-f3666839e5d9.tcx,2026-01-20T22:11:28.673Z,Running,2026-01-20 22:11:28,75.11126666666668,8.28016276271041,548.0,,,158.0,Nike,2026-01-20,22:11:28.673000
C:\Users\12063\Downloads\sqlite\run_performance_analysis\data\raw\tcx\4cd7f39e-a9d3-42d7-8903-9af5c72ce9e5.tcx,2023-09-25T13:27:18.564Z,Running,2023-09-25 13:27:18,43.3328,4.611412870484265,471.0,177.0,197.0,160.0,Nike,2023-09-25,13:27:18.564000
C:\Users\12063\Downloads\sqlite\run_performance_analysis\data\raw\tcx\4d367849-3025-476b-aa46-0331d414e703.tcx,2023-03-16T22:30:29.644Z,Running,2023-03-16 22:30:29,37.20151666666666,3.854413682736376,319.0,169.0,199.0,178.0,Nike,2023-03-16,22:30:29.644000
C:\Users\12063\Downloads\sqlite\run_performance_analysis\data\raw\tcx\4d496f2c-5fd5-4af0-aa63-bbf54c9e5fb6.tcx,2022-10-10T22:19:38.960Z,Running,2022-10-10 22:19:38,28.463416666666667,1.9554051558567542,121.0,,,126.0,Nike,2022-10-10,22:19:38.960000
C:\Users\12063\Downloads\sqlite\run_performance_analysis\data\raw\tcx\4d9b5542-6cbc-4b3a-8293-1da6da2bf165.tcx,2026-02-20T06:45:47.409Z,Running,2026-02-20 06:45:47,36.67973333333334,3.6793713430680675,240.0,,,160.0,Nike,2026-02-20,06:45:47.409000
C:\Users\12063\Downloads\sqlite\run_performance_analysis\data\raw\tcx\4de34644-fa78-4f7b-bbf8-75e45ca1c665.tcx,2023-01-23T23:58:11.064Z,Running,2023-01-23 23:58:11,40.092866666666666,3.2055808169299334,297.0,147.0,190.0,137.0,Nike,2023-01-23,23:58:11.064000
C:\Users\12063\Downloads\sqlite\run_performance_analysis\data\raw\tcx\4f9e13dc-94ff-4d3e-b00e-ccb0bc5335f5.tcx,2023-04-10T22:26:14.994Z,Running,2023-04-10 22:26:14,32.61123333333333,3.401073795150101,224.0,170.0,190.0,172.0,Nike,2023-04-10,22:26:14.994000
C:\Users\12063\Downloads\sqlite\run_performance_analysis\data\raw\tcx\51383e2a-3dbc-4099-aaaa-d180538d1ae4.tcx,2025-12-20T08:10:42.478Z,Running,2025-12-20 08:10:42,43.99261666666666,4.7800084727288255,316.0,,,160.0,Nike,2025-12-20,08:10:42.478000
C:\Users\12063\Downloads\sqlite\run_performance_analysis\data\raw\tcx\524686f0-b6ab-4bb9-b29b-04c762275f86.tcx,2023-04-12T22:30:55.623Z,Running,2023-04-12 22:30:55,30.588033333333332,3.26475764681128,232.0,,,167.0,Nike,2023-04-12,22:30:55.623000
C:\Users\12063\Downloads\sqlite\run_performance_analysis\data\raw\tcx\52e7dca2-72e8-4e41-8a2f-a3a13075db19.tcx,2023-05-08T22:20:55.593Z,Running,2023-05-08 22:20:55,45.7418,4.378936262058008,577.0,71.0,188.0,137.0,Nike,2023-05-08,22:20:55.593000
C:\Users\12063\Downloads\sqlite\run_performance_analysis\data\raw\tcx\5373bc74-9939-462e-b6a3-e65707778610.tcx,2023-04-17T01:00:44.458Z,Running,2023-04-17 01:00:44,29.4767,2.7166317663894,218.0,123.0,203.0,166.0,Nike,2023-04-17,01:00:44.458000
C:\Users\12063\Downloads\sqlite\run_performance_analysis\data\raw\tcx\53a56fd3-008b-42c7-b927-9c389a2e29d4.tcx,2025-10-17T22:23:29.211Z,Running,2025-10-17 22:23:29,71.62195,4.553981247382017,276.0,,,123.0,Nike,2025-10-17,22:23:29.211000
C:\Users\12063\Downloads\sqlite\run_performance_analysis\data\raw\tcx\549e48ab-e543-4c66-9016-8cd5e418c4c0.tcx,2025-05-09T15:10:11.328Z,Running,2025-05-09 15:10:11,10.77295,1.0555554046175093,68.0,147.0,173.0,154.0,Nike,2025-05-09,15:10:11.328000
C:\Users\12063\Downloads\sqlite\run_performance_analysis\data\raw\tcx\54fb9dc6-ad9a-4f6d-acee-6c910ae17ae7.tcx,2025-04-06T11:21:07.479Z,Running,2025-04-06 11:21:07,10.975983333333334,1.061022998306898,68.0,,,155.0,Nike,2025-04-06,11:21:07.479000
C:\Users\12063\Downloads\sqlite\run_performance_analysis\data\raw\tcx\556468fc-2f6b-4f6e-a262-4f539b0ec4d8.tcx,2025-11-08T05:10:28.540Z,Running,2025-11-08 05:10:28,25.17195,1.1291491384413286,55.0,,,101.0,Nike,2025-11-08,05:10:28.540000
C:\Users\12063\Downloads\sqlite\run_performance_analysis\data\raw\tcx\5571fa5d-f808-498f-8a75-a9cb41804076.tcx,2025-09-13T01:26:46.031Z,Running,2025-09-13 01:26:46,70.22396666666667,6.264815633692958,403.0,,,144.0,Nike,2025-09-13,01:26:46.031000
C:\Users\12063\Downloads\sqlite\run_performance_analysis\data\raw\tcx\55b9b6d6-fac9-4f20-b5fd-bb58f8d10d11.tcx,2023-05-29T20:17:55.892Z,Running,2023-05-29 20:17:55,21.85305,2.457015606086606,214.0,171.0,181.0,167.0,Nike,2023-05-29,20:17:55.892000
C:\Users\12063\Downloads\sqlite\run_performance_analysis\data\raw\tcx\585cab2d-d188-444b-9520-45b834ab3626.tcx,2025-11-15T23:50:19.334Z,Running,2025-11-15 23:50:19,1.4677,0.15448761263714497,10.0,,,164.0,Nike,2025-11-15,23:50:19.334000
C:\Users\12063\Downloads\sqlite\run_performance_analysis\data\raw\tcx\58cb63a8-2b2b-4c55-ac6e-a7e1b63cfdad.tcx,2026-03-01T14:25:17.411Z,Running,2026-03-01 14:25:17,12.813233333333333,1.2729511655903116,83.0,,,148.0,Nike,2026-03-01,14:25:17.411000
C:\Users\12063\Downloads\sqlite\run_performance_analysis\data\raw\tcx\59124436-7dd9-4034-8d5b-ed23841ff0dc.tcx,2024-11-17T14:44:04.664Z,Running,2024-11-17 14:44:04,45.06088333333333,3.8239822742699316,239.0,163.0,179.0,151.0,Nike,2024-11-17,14:44:04.664000
C:\Users\12063\Downloads\sqlite\run_performance_analysis\data\raw\tcx\59f3f921-3346-4972-9c31-bea802d5985f.tcx,2026-02-12T22:44:12.780Z,Running,2026-02-12 22:44:12,44.59591666666667,4.435227086972427,289.0,,,160.0,Nike,2026-02-12,22:44:12.780000
C:\Users\12063\Downloads\sqlite\run_performance_analysis\data\raw\tcx\5a5d1625-d258-4134-851e-787cbc620631.tcx,2025-10-25T16:04:37.733Z,Running,2025-10-25 16:04:37,21.67663333333333,1.8906802389721231,119.0,,,151.0,Nike,2025-10-25,16:04:37.733000
C:\Users\12063\Downloads\sqlite\run_performance_analysis\data\raw\tcx\5b1fcc2c-3af2-4efb-bf9b-59ec94c55de2.tcx,2023-03-11T00:04:36.782Z,Running,2023-03-11 00:04:36,5.731833333333333,1.0136020583309606,264.0,108.0,196.0,186.0,Nike,2023-03-11,00:04:36.782000
C:\Users\12063\Downloads\sqlite\run_performance_analysis\data\raw\tcx\5b4d6371-d3bb-44cc-9345-838af75f6a58.tcx,2023-05-02T22:41:01.264Z,Running,2023-05-02 22:41:01,39.20275,3.9544870755827564,358.0,152.0,187.0,149.0,Nike,2023-05-02,22:41:01.264000
C:\Users\12063\Downloads\sqlite\run_performance_analysis\data\raw\tcx\5cd1343a-eb5d-443e-917b-82ad6d46ccfa.tcx,2024-10-05T17:06:05.652Z,Running,2024-10-05 17:06:05,22.991716666666665,3.1160009614361055,210.0,179.0,184.0,174.0,Nike,2024-10-05,17:06:05.652000
C:\Users\12063\Downloads\sqlite\run_performance_analysis\data\raw\tcx\5d4944bc-1663-4e8b-99e0-237d131e22f5.tcx,2025-10-18T20:43:44.058Z,Running,2025-10-18 20:43:44,115.27541666666666,12.656858633140086,839.0,,,169.0,Nike,2025-10-18,20:43:44.058000
C:\Users\12063\Downloads\sqlite\run_performance_analysis\data\raw\tcx\5d615e49-d09d-46a0-9a3a-c4098d759880.tcx,2023-03-08T00:02:27.625Z,Running,2023-03-08 00:02:27,49.329233333333335,4.62923558705652,352.0,162.0,208.0,155.0,Nike,2023-03-08,00:02:27.625000
C:\Users\12063\Downloads\sqlite\run_performance_analysis\data\raw\tcx\5d9b4c9e-8739-4065-88d1-0d590ec97a05.tcx,2025-08-07T23:36:46.810Z,Running,2025-08-07 23:36:46,18.397316666666665,1.7438831145573968,112.0,,,154.0,Nike,2025-08-07,23:36:46.810000
C:\Users\12063\Downloads\sqlite\run_performance_analysis\data\raw\tcx\5dfd8eb7-334b-4091-8c1a-52fa36c2bc25.tcx,2023-08-20T09:12:13.886Z,Running,2023-08-20 09:12:13,15.427133333333334,2.0518507359741447,166.0,173.0,195.0,165.0,Nike,2023-08-20,09:12:13.886000
C:\Users\12063\Downloads\sqlite\run_performance_analysis\data\raw\tcx\5f746e60-0172-471e-b8aa-12740dfea5af.tcx,2025-06-14T04:14:48.908Z,Running,2025-06-14 04:14:48,49.244233333333334,5.137549413031508,337.0,,,160.0,Nike,2025-06-14,04:14:48.908000
C:\Users\12063\Downloads\sqlite\run_performance_analysis\data\raw\tcx\60affd25-7a70-4ad2-8304-53480f69ce57.tcx,2026-01-17T17:17:39.818Z,Running,2026-01-17 17:17:39,39.49036666666667,3.329092432541368,210.0,,,147.0,Nike,2026-01-17,17:17:39.818000
C:\Users\12063\Downloads\sqlite\run_performance_analysis\data\raw\tcx\60f8a014-ac00-4488-8ff2-0b480a2bd3a4.tcx,2022-11-24T18:21:55.849Z,Running,2022-11-24 18:21:55,15.518716666666668,1.994944392980937,194.0,154.0,186.0,179.0,Nike,2022-11-24,18:21:55.849000
C:\Users\12063\Downloads\sqlite\run_performance_analysis\data\raw\tcx\61746ef6-36e7-4dd4-a4d0-20988b41dbe4.tcx,2023-05-27T02:32:01.033Z,Running,2023-05-27 02:32:01,50.18881666666667,6.3848264038830225,549.0,176.0,194.0,174.0,Nike,2023-05-27,02:32:01.033000
C:\Users\12063\Downloads\sqlite\run_performance_analysis\data\raw\tcx\62a33527-2b34-4be4-a1d7-5b7c6bb0020e.tcx,2025-01-25T17:01:35.135Z,Running,2025-01-25 17:01:35,24.06055,3.109244081397847,209.0,,,172.0,Nike,2025-01-25,17:01:35.135000
C:\Users\12063\Downloads\sqlite\run_performance_analysis\data\raw\tcx\6383c2ac-eb87-49e1-8bdc-ad2b1e0b886b.tcx,2025-05-20T01:58:52.768Z,Running,2025-05-20 01:58:52,80.19291666666666,7.77891529264827,508.0,167.0,186.0,162.0,Nike,2025-05-20,01:58:52.768000
C:\Users\12063\Downloads\sqlite\run_performance_analysis\data\raw\tcx\63b3b48e-450e-4f52-a924-045e53ad628f.tcx,2026-01-11T21:35:40.518Z,Running,2026-01-11 21:35:40,80.14143333333332,8.310215385897306,546.0,,,161.0,Nike,2026-01-11,21:35:40.518000
C:\Users\12063\Downloads\sqlite\run_performance_analysis\data\raw\tcx\65813674-82fe-4cbc-88c0-9c05a0e35bb5.tcx,2025-09-29T22:00:37.006Z,Running,2025-09-29 22:00:37,61.69656666666666,4.721776502064704,292.0,,,130.0,Nike,2025-09-29,22:00:37.006000
C:\Users\12063\Downloads\sqlite\run_performance_analysis\data\raw\tcx\65da470c-d2db-4dd7-88ff-39c2696205cf.tcx,2026-03-04T05:51:47.161Z,Running,2026-03-04 05:51:47,40.112550000000006,4.041672899737579,266.0,,,157.0,Nike,2026-03-04,05:51:47.161000
C:\Users\12063\Downloads\sqlite\run_performance_analysis\data\raw\tcx\673ea355-4c5b-4814-ba3e-3fd2076452c2.tcx,2025-11-30T14:31:56.738Z,Running,2025-11-30 14:31:56,21.5748,2.024237526815377,132.0,,,149.0,Nike,2025-11-30,14:31:56.738000
C:\Users\12063\Downloads\sqlite\run_performance_analysis\data\raw\tcx\68b81770-d02e-4aa7-bce7-155e2be3183d.tcx,2025-03-22T21:29:09.969Z,Running,2025-03-22 21:29:09,19.448333333333334,1.7008563483207975,106.0,,,143.0,Nike,2025-03-22,21:29:09.969000
C:\Users\12063\Downloads\sqlite\run_performance_analysis\data\raw\tcx\6920dedc-19d0-4b4d-bac4-c5db0a34de16.tcx,2025-11-15T06:10:32.792Z,Running,2025-11-15 06:10:32,90.58533333333334,9.114659335945378,597.0,,,158.0,Nike,2025-11-15,06:10:32.792000
C:\Users\12063\Downloads\sqlite\run_performance_analysis\data\raw\tcx\6bcc9903-87b5-41ca-a744-229e29ff5b87.tcx,2025-03-29T16:25:25.686Z,Running,2025-03-29 16:25:25,53.78276666666667,5.211846950518001,340.0,,,161.0,Nike,2025-03-29,16:25:25.686000
C:\Users\12063\Downloads\sqlite\run_performance_analysis\data\raw\tcx\6c9a0ad5-304f-4784-a33a-27303c11ae1b.tcx,2025-10-27T23:20:00.530Z,Running,2025-10-27 23:20:00,161.74476666666666,14.159717065277029,927.0,,,145.0,Nike,2025-10-27,23:20:00.530000
C:\Users\12063\Downloads\sqlite\run_performance_analysis\data\raw\tcx\6ca16e1e-3d31-4a61-b672-6328dc08382f.tcx,2025-04-22T15:31:10.976Z,Running,2025-04-22 15:31:10,10.140483333333332,1.0567558769011651,69.0,,,161.0,Nike,2025-04-22,15:31:10.976000
C:\Users\12063\Downloads\sqlite\run_performance_analysis\data\raw\tcx\6d4e85e6-7802-4f96-9eb8-d9d9ae864208.tcx,2026-03-10T04:01:27.101Z,Running,2026-03-10 04:01:27,40.30878333333333,4.1236744652442345,270.0,147.0,169.0,158.0,Nike,2026-03-10,04:01:27.101000
C:\Users\12063\Downloads\sqlite\run_performance_analysis\data\raw\tcx\6d71db80-074e-496c-b248-e303bd78b1f2.tcx,2025-04-30T13:35:02.035Z,Running,2025-04-30 13:35:02,11.53215,1.0639803996356232,67.0,,,155.0,Nike,2025-04-30,13:35:02.035000
C:\Users\12063\Downloads\sqlite\run_performance_analysis\data\raw\tcx\6f37206c-be91-440c-9886-e65a717e6f77.tcx,2025-03-08T17:03:31.131Z,Running,2025-03-08 17:03:31,30.906,2.88196767842787,182.0,171.0,191.0,159.0,Nike,2025-03-08,17:03:31.131000
C:\Users\12063\Downloads\sqlite\run_performance_analysis\data\raw\tcx\6f8ded21-7705-4fcd-baab-4af4b95997b6.tcx,2023-05-12T23:50:03.012Z,Running,2023-05-12 23:50:03,22.3848,2.0300059092887808,160.0,175.0,194.0,162.0,Nike,2023-05-12,23:50:03.012000
C:\Users\12063\Downloads\sqlite\run_performance_analysis\data\raw\tcx\701e3e49-b6a2-456c-80b2-1bb083cdbbb2.tcx,2022-11-24T18:08:36.010Z,Running,2022-11-24 18:08:36,9.717416666666667,0.9841033500481655,93.0,150.0,177.0,177.0,Nike,2022-11-24,18:08:36.010000
C:\Users\12063\Downloads\sqlite\run_performance_analysis\data\raw\tcx\70d80b2d-7a28-41bb-ae7d-933f2baee155.tcx,2025-06-26T23:14:55.479Z,Running,2025-06-26 23:14:55,47.6291,4.489313155167075,293.0,,,162.0,Nike,2025-06-26,23:14:55.479000
C:\Users\12063\Downloads\sqlite\run_performance_analysis\data\raw\tcx\71084da6-8b53-42af-a6f3-7f4120b9bfa3.tcx,2026-01-30T22:19:06.205Z,Running,2026-01-30 22:19:06,38.45571666666667,3.4896735272665875,227.0,,,133.0,Nike,2026-01-30,22:19:06.205000
C:\Users\12063\Downloads\sqlite\run_performance_analysis\data\raw\tcx\712a9667-b445-4163-a85e-3cb56ea76ca7.tcx,2025-05-08T16:20:51.360Z,Running,2025-05-08 16:20:51,10.358849999999999,1.0463374769940175,67.0,,,159.0,Nike,2025-05-08,16:20:51.360000
C:\Users\12063\Downloads\sqlite\run_performance_analysis\data\raw\tcx\716143ad-daa7-4196-8cf0-04d23346c817.tcx,2025-05-11T12:18:12.762Z,Running,2025-05-11 12:18:12,58.583783333333336,6.338671564460953,420.0,,,166.0,Nike,2025-05-11,12:18:12.762000
C:\Users\12063\Downloads\sqlite\run_performance_analysis\data\raw\tcx\71ee1f15-09f8-4f53-b5c5-8054a2babc65.tcx,2025-10-01T00:13:40.908Z,Running,2025-10-01 00:13:40,97.53271666666666,8.166483889611753,519.0,,,150.0,Nike,2025-10-01,00:13:40.908000
C:\Users\12063\Downloads\sqlite\run_performance_analysis\data\raw\tcx\72402e5b-df76-491e-b1fb-b6716c91e3f2.tcx,2026-03-05T05:59:28.386Z,Running,2026-03-05 05:59:28,51.03225,5.502637407487129,363.0,,,164.0,Nike,2026-03-05,05:59:28.386000
C:\Users\12063\Downloads\sqlite\run_performance_analysis\data\raw\tcx\73714b08-851f-43c5-a156-38a2a0b313e6.tcx,2025-05-10T15:20:54.125Z,Running,2025-05-10 15:20:54,11.414433333333333,1.0756793101602156,68.0,,,149.0,Nike,2025-05-10,15:20:54.125000
C:\Users\12063\Downloads\sqlite\run_performance_analysis\data\raw\tcx\759b3e9f-6879-4e5c-9850-30f1188eef89.tcx,2023-05-13T18:48:09.516Z,Running,2023-05-13 18:48:09,16.779,1.755167269385949,178.0,120.0,179.0,164.0,Nike,2023-05-13,18:48:09.516000
C:\Users\12063\Downloads\sqlite\run_performance_analysis\data\raw\tcx\7613a75d-a8ec-4404-860b-0e6a2fe37a40.tcx,2025-08-16T16:02:24.291Z,Running,2025-08-16 16:02:24,18.14675,1.9973069729778237,132.0,,,162.0,Nike,2025-08-16,16:02:24.291000
C:\Users\12063\Downloads\sqlite\run_performance_analysis\data\raw\tcx\76cf57f6-2417-49eb-9404-aa4be45475eb.tcx,2025-12-24T00:57:20.352Z,Running,2025-12-24 00:57:20,41.216366666666666,3.605339311989948,229.0,,,151.0,Nike,2025-12-24,00:57:20.352000
C:\Users\12063\Downloads\sqlite\run_performance_analysis\data\raw\tcx\781eac4f-23ad-4765-ace2-5bce899664aa.tcx,2026-01-22T22:39:12.656Z,Running,2026-01-22 22:39:12,57.88816666666666,4.750073100866316,293.0,,,147.0,Nike,2026-01-22,22:39:12.656000
C:\Users\12063\Downloads\sqlite\run_performance_analysis\data\raw\tcx\78a8cd7d-6269-4ed0-ab4a-d3b0f44d6544.tcx,2025-08-19T22:25:39.744Z,Running,2025-08-19 22:25:39,80.93103333333333,8.053023235688967,529.0,,,163.0,Nike,2025-08-19,22:25:39.744000
C:\Users\12063\Downloads\sqlite\run_performance_analysis\data\raw\tcx\79477923-847d-4fef-87d8-d79eba1046bd.tcx,2019-09-24T22:06:48.452Z,Running,2019-09-24 22:06:48,42.86318333333334,0.06651173773099534,4.0,114.0,,,Nike,2019-09-24,22:06:48.452000
C:\Users\12063\Downloads\sqlite\run_performance_analysis\data\raw\tcx\7b2b1a0b-d507-4ddd-81bb-191da8ee3ecb.tcx,2026-02-05T23:55:24.083Z,Running,2026-02-05 23:55:24,45.23135,3.7817366443334786,235.0,,,157.0,Nike,2026-02-05,23:55:24.083000
C:\Users\12063\Downloads\sqlite\run_performance_analysis\data\raw\tcx\7bdec044-4b8f-43d6-9764-be301eb83683.tcx,2023-05-23T22:19:56.559Z,Running,2023-05-23 22:19:56,57.51533333333334,5.508451423589897,435.0,154.0,190.0,148.0,Nike,2023-05-23,22:19:56.559000
C:\Users\12063\Downloads\sqlite\run_performance_analysis\data\raw\tcx\7c787926-5ba1-43b0-a94b-f67c70cb0a01.tcx,2023-07-10T17:56:46.215Z,Running,2023-07-10 17:56:46,31.759633333333333,2.993490307584553,295.0,128.0,177.0,147.0,Nike,2023-07-10,17:56:46.215000
C:\Users\12063\Downloads\sqlite\run_performance_analysis\data\raw\tcx\7c7c9956-4a91-4d94-b2fb-85c28a73d126.tcx,2026-02-10T03:09:06.266Z,Running,2026-02-10 03:09:06,28.291216666666667,2.301223361479678,142.0,,,151.0,Nike,2026-02-10,03:09:06.266000
C:\Users\12063\Downloads\sqlite\run_performance_analysis\data\raw\tcx\7e7f362d-affe-4c3e-9342-4f08dfb95568.tcx,2022-11-28T22:10:38.682Z,Running,2022-11-28 22:10:38,3.65075,0.3772665766110548,31.0,182.0,189.0,178.0,Nike,2022-11-28,22:10:38.682000
C:\Users\12063\Downloads\sqlite\run_performance_analysis\data\raw\tcx\7e9a5f83-4cf7-4c8f-8740-118b87ad1168.tcx,2026-02-21T06:02:08.001Z,Running,2026-02-21 06:02:08,41.56905,4.70699873738054,311.0,,,155.0,Nike,2026-02-21,06:02:08.001000
C:\Users\12063\Downloads\sqlite\run_performance_analysis\data\raw\tcx\7f38470c-57c3-4830-9eb7-a493e355a610.tcx,2025-10-29T01:36:21.844Z,Running,2025-10-29 01:36:21,32.70623333333334,1.9402081143063161,113.0,,,109.0,Nike,2025-10-29,01:36:21.844000
C:\Users\12063\Downloads\sqlite\run_performance_analysis\data\raw\tcx\805b6218-7740-4fd7-993d-59e0f394686c.tcx,2023-01-23T23:44:39.424Z,Running,2023-01-23 23:44:39,11.773349999999999,1.100156171253462,96.0,165.0,181.0,151.0,Nike,2023-01-23,23:44:39.424000
C:\Users\12063\Downloads\sqlite\run_performance_analysis\data\raw\tcx\80eec08d-f57e-444f-870f-f4e279054132.tcx,2025-10-02T22:34:23.951Z,Running,2025-10-02 22:34:23,59.19996666666667,3.470006664173388,207.0,,,119.0,Nike,2025-10-02,22:34:23.951000
C:\Users\12063\Downloads\sqlite\run_performance_analysis\data\raw\tcx\81d40af2-40a3-4a92-ada5-fe786e090bd0.tcx,2023-03-30T22:20:44.226Z,Running,2023-03-30 22:20:44,30.22076666666667,3.376539591497757,225.0,,,183.0,Nike,2023-03-30,22:20:44.226000
C:\Users\12063\Downloads\sqlite\run_performance_analysis\data\raw\tcx\82594c61-e845-4bb4-a8f5-eabdd61d0398.tcx,2022-10-22T20:44:50.633Z,Running,2022-10-22 20:44:50,32.856366666666666,2.404364138440594,149.0,,,127.0,Nike,2022-10-22,20:44:50.633000
C:\Users\12063\Downloads\sqlite\run_performance_analysis\data\raw\tcx\82b73828-e083-4904-a237-50aedecea8e4.tcx,2023-07-04T15:59:58.758Z,Running,2023-07-04 15:59:58,30.304916666666667,3.392048538670071,310.0,132.0,197.0,143.0,Nike,2023-07-04,15:59:58.758000
C:\Users\12063\Downloads\sqlite\run_performance_analysis\data\raw\tcx\82d67dc0-de64-4d3a-8317-fe0b03bba822.tcx,2025-06-30T02:44:21.190Z,Running,2025-06-30 02:44:21,100.68668333333333,10.00380659564314,655.0,,,160.0,Nike,2025-06-30,02:44:21.190000
C:\Users\12063\Downloads\sqlite\run_performance_analysis\data\raw\tcx\831e3b7f-57d2-441c-b877-b2c8c5714386.tcx,2023-03-20T22:38:58.474Z,Running,2023-03-20 22:38:58,35.35346666666667,3.324841118398706,257.0,155.0,199.0,126.0,Nike,2023-03-20,22:38:58.474000
C:\Users\12063\Downloads\sqlite\run_performance_analysis\data\raw\tcx\8380601d-39ad-4e5b-b7e0-bb9ab31d0dbb.tcx,2023-08-01T16:26:47.813Z,Running,2023-08-01 16:26:47,20.802733333333332,2.418512087020067,213.0,159.0,175.0,165.0,Nike,2023-08-01,16:26:47.813000
C:\Users\12063\Downloads\sqlite\run_performance_analysis\data\raw\tcx\851a9947-aa59-4223-8fe4-b8d6ce32df8c.tcx,2025-04-26T16:03:50.521Z,Running,2025-04-26 16:03:50,24.90595,3.1068211105644226,208.0,,,169.0,Nike,2025-04-26,16:03:50.521000
C:\Users\12063\Downloads\sqlite\run_performance_analysis\data\raw\tcx\8591894f-14a2-4c37-b293-a04753696046.tcx,2023-02-28T23:26:42.071Z,Running,2023-02-28 23:26:42,22.344633333333334,1.7737563870234643,184.0,153.0,195.0,122.0,Nike,2023-02-28,23:26:42.071000
C:\Users\12063\Downloads\sqlite\run_performance_analysis\data\raw\tcx\876b1f17-dfbb-4469-976d-7601a49d8e97.tcx,2026-02-23T23:59:12.425Z,Running,2026-02-23 23:59:12,44.116366666666664,4.866920564791972,322.0,,,161.0,Nike,2026-02-23,23:59:12.425000
C:\Users\12063\Downloads\sqlite\run_performance_analysis\data\raw\tcx\884a73ab-0cd0-41a4-acb0-5a7a3f9aaa36.tcx,2022-12-13T23:04:22.215Z,Running,2022-12-13 23:04:22,1.8841333333333334,0.18291762742674583,17.0,166.0,177.0,166.0,Nike,2022-12-13,23:04:22.215000
C:\Users\12063\Downloads\sqlite\run_performance_analysis\data\raw\tcx\88f73f7f-c894-42fa-9b88-2ec00c731474.tcx,2025-08-29T23:06:23.614Z,Running,2025-08-29 23:06:23,41.00428333333333,3.1211062983745768,206.0,,,131.0,Nike,2025-08-29,23:06:23.614000
C:\Users\12063\Downloads\sqlite\run_performance_analysis\data\raw\tcx\892c4cd8-2c8d-4424-8af7-5ff4f70bbd33.tcx,2023-02-20T00:31:54.520Z,Running,2023-02-20 00:31:54,29.139166666666664,3.0611043448851496,254.0,166.0,187.0,156.0,Nike,2023-02-20,00:31:54.520000
C:\Users\12063\Downloads\sqlite\run_performance_analysis\data\raw\tcx\8c76a833-eaa9-40cd-89b3-93ef56d472cf.tcx,2019-10-14T22:31:48.183Z,Running,2019-10-14 22:31:48,37.85276666666667,3.6274207497140147,232.0,158.0,203.0,,Nike,2019-10-14,22:31:48.183000
C:\Users\12063\Downloads\sqlite\run_performance_analysis\data\raw\tcx\8c9e058d-735e-42d0-a990-fb1cf326d02d.tcx,2024-09-14T21:07:25.354Z,Running,2024-09-14 21:07:25,89.17190000000001,9.038677826881738,595.0,,,164.0,Nike,2024-09-14,21:07:25.354000
C:\Users\12063\Downloads\sqlite\run_performance_analysis\data\raw\tcx\8cd49996-3932-4c06-9202-0e1597727be4.tcx,2023-06-11T19:12:37.511Z,Running,2023-06-11 19:12:37,38.009,4.4284226385615675,371.0,165.0,185.0,167.0,Nike,2023-06-11,19:12:37.511000
C:\Users\12063\Downloads\sqlite\run_performance_analysis\data\raw\tcx\8dbbb0af-b5a9-444f-8562-81d4e46ddb96.tcx,2025-07-19T15:59:09.763Z,Running,2025-07-19 15:59:09,18.715483333333335,1.9041023214928097,126.0,,,155.0,Nike,2025-07-19,15:59:09.763000
C:\Users\12063\Downloads\sqlite\run_performance_analysis\data\raw\tcx\8ed37649-87d9-48ef-ba71-6846c14f87c9.tcx,2025-11-08T17:02:32.877Z,Running,2025-11-08 17:02:32,22.195766666666668,1.896522507525342,118.0,,,153.0,Nike,2025-11-08,17:02:32.877000
C:\Users\12063\Downloads\sqlite\run_performance_analysis\data\raw\tcx\8f05b3c7-2d54-42dc-8530-63996031bd31.tcx,2023-06-24T17:33:28.929Z,Running,2023-06-24 17:33:28,39.450500000000005,4.7173012570871675,424.0,164.0,191.0,169.0,Nike,2023-06-24,17:33:28.929000
C:\Users\12063\Downloads\sqlite\run_performance_analysis\data\raw\tcx\8f061591-9ab0-477b-8bf2-b94604a0d67c.tcx,2025-11-03T04:09:19.412Z,Running,2025-11-03 04:09:19,162.98149999999998,16.700065421811757,1099.0,,,163.0,Nike,2025-11-03,04:09:19.412000
C:\Users\12063\Downloads\sqlite\run_performance_analysis\data\raw\tcx\8fae8df7-312f-4a55-9125-cdb9fb3b4c19.tcx,2025-10-05T16:19:13.894Z,Running,2025-10-05 16:19:13,24.531466666666667,3.2034431292553025,216.0,,,168.0,Nike,2025-10-05,16:19:13.894000
C:\Users\12063\Downloads\sqlite\run_performance_analysis\data\raw\tcx\9078fdce-64e9-4ac5-a252-d25fe99d0a0e.tcx,2023-03-02T23:36:28.643Z,Running,2023-03-02 23:36:28,34.020316666666666,3.185677726834408,266.0,159.0,177.0,159.0,Nike,2023-03-02,23:36:28.643000
C:\Users\12063\Downloads\sqlite\run_performance_analysis\data\raw\tcx\90e0c312-18b3-40f6-b800-044d25518cd0.tcx,2025-07-03T04:24:55.272Z,Running,2025-07-03 04:24:55,36.54845,4.07225049788264,270.0,,,164.0,Nike,2025-07-03,04:24:55.272000
C:\Users\12063\Downloads\sqlite\run_performance_analysis\data\raw\tcx\9308004e-7ca2-4823-8237-b17df82d54b3.tcx,2025-08-13T01:00:35.096Z,Running,2025-08-13 01:00:35,33.959666666666664,2.4684745281839153,144.0,,,123.0,Nike,2025-08-13,01:00:35.096000
C:\Users\12063\Downloads\sqlite\run_performance_analysis\data\raw\tcx\940f0e67-8b8a-499d-b00b-8e00157df923.tcx,2025-10-09T05:01:43.390Z,Running,2025-10-09 05:01:43,11.823716666666666,1.048776076230203,67.0,,,158.0,Nike,2025-10-09,05:01:43.390000
C:\Users\12063\Downloads\sqlite\run_performance_analysis\data\raw\tcx\942ea2ee-7ba5-421f-9262-0372a63aaa95.tcx,2025-10-07T23:26:17.508Z,Running,2025-10-07 23:26:17,39.9313,2.813244892575834,169.0,,,128.0,Nike,2025-10-07,23:26:17.508000
C:\Users\12063\Downloads\sqlite\run_performance_analysis\data\raw\tcx\94ae997d-c312-4edd-ba71-6ac064385f2a.tcx,2025-11-17T23:14:53.214Z,Running,2025-11-17 23:14:53,112.09883333333333,11.384585414212136,745.0,,,161.0,Nike,2025-11-17,23:14:53.214000
C:\Users\12063\Downloads\sqlite\run_performance_analysis\data\raw\tcx\979f9a96-4898-4e1d-ab44-13cdc796137f.tcx,2024-09-11T18:27:18.577Z,Running,2024-09-11 18:27:18,49.70756666666667,4.261611343549179,421.0,165.0,184.0,152.0,Nike,2024-09-11,18:27:18.577000
C:\Users\12063\Downloads\sqlite\run_performance_analysis\data\raw\tcx\99bcedb6-ca74-480e-9113-2144d6e4c509.tcx,2025-06-26T00:46:46.920Z,Running,2025-06-26 00:46:46,19.13086666666667,2.145782251358725,141.0,,,166.0,Nike,2025-06-26,00:46:46.920000
C:\Users\12063\Downloads\sqlite\run_performance_analysis\data\raw\tcx\9a5733f1-f593-4b8a-a1a6-c966b1b4c8e2.tcx,2023-05-20T22:43:23.450Z,Running,2023-05-20 22:43:23,58.3391,6.315575670015978,417.0,,,156.0,Nike,2023-05-20,22:43:23.450000
C:\Users\12063\Downloads\sqlite\run_performance_analysis\data\raw\tcx\9ae92535-55f7-441c-93c8-f4446a9a29e7.tcx,2023-05-28T02:39:39.414Z,Running,2023-05-28 02:39:39,27.7056,3.000844545903927,244.0,158.0,179.0,170.0,Nike,2023-05-28,02:39:39.414000
C:\Users\12063\Downloads\sqlite\run_performance_analysis\data\raw\tcx\9bf0dbcb-4dbe-4ab7-bd52-53f4728c9020.tcx,2026-01-05T04:37:51.775Z,Running,2026-01-05 04:37:51,69.44848333333333,7.1896549913907775,472.0,,,163.0,Nike,2026-01-05,04:37:51.775000
C:\Users\12063\Downloads\sqlite\run_performance_analysis\data\raw\tcx\9bf84e72-3f0d-40c9-8b46-801363267712.tcx,2022-10-27T22:15:50.415Z,Running,2022-10-27 22:15:50,51.56679999999999,5.408567979206682,356.0,,,168.0,Nike,2022-10-27,22:15:50.415000
C:\Users\12063\Downloads\sqlite\run_performance_analysis\data\raw\tcx\9c989976-f965-4360-bf4b-2afb55b6098c.tcx,2025-10-18T22:48:04.440Z,Running,2025-10-18 22:48:04,10.094183333333332,0.5287605602747,27.0,,,107.0,Nike,2025-10-18,22:48:04.440000
C:\Users\12063\Downloads\sqlite\run_performance_analysis\data\raw\tcx\9e458e6b-c4b4-42d0-9ae3-f2c5ca06a036.tcx,2025-12-24T00:43:05.911Z,Running,2025-12-24 00:43:05,10.445016666666668,0.9814621887236108,62.0,,,141.0,Nike,2025-12-24,00:43:05.911000
C:\Users\12063\Downloads\sqlite\run_performance_analysis\data\raw\tcx\9e9dce58-0c09-4c8c-937c-4fa65c316637.tcx,2025-08-13T00:03:32.450Z,Running,2025-08-13 00:03:32,42.23583333333333,4.406798718552436,291.0,,,162.0,Nike,2025-08-13,00:03:32.450000
C:\Users\12063\Downloads\sqlite\run_performance_analysis\data\raw\tcx\9f85a46e-d531-41d0-bb37-76741bb20034.tcx,2023-05-20T16:19:59.500Z,Running,2023-05-20 16:19:59,11.960983333333333,1.4320262255922116,113.0,161.0,175.0,174.0,Nike,2023-05-20,16:19:59.500000
C:\Users\12063\Downloads\sqlite\run_performance_analysis\data\raw\tcx\9f86b8f1-35d3-4530-b19b-f8cba056769f.tcx,2025-07-09T03:28:25.468Z,Running,2025-07-09 03:28:25,55.638850000000005,5.872034251332198,388.0,,,165.0,Nike,2025-07-09,03:28:25.468000
C:\Users\12063\Downloads\sqlite\run_performance_analysis\data\raw\tcx\a03abefd-909a-4c76-bdb2-3e88d8faebb5.tcx,2023-06-19T16:34:57.932Z,Running,2023-06-19 16:34:57,62.079116666666664,6.47950213641709,528.0,152.0,194.0,154.0,Nike,2023-06-19,16:34:57.932000
C:\Users\12063\Downloads\sqlite\run_performance_analysis\data\raw\tcx\a095dd27-102b-40b7-ac5a-e03ae1271e72.tcx,2026-03-02T23:43:55.650Z,Running,2026-03-02 23:43:55,43.72225,4.318935924020655,282.0,,,160.0,Nike,2026-03-02,23:43:55.650000
C:\Users\12063\Downloads\sqlite\run_performance_analysis\data\raw\tcx\a122ecb1-78a6-41a5-8acb-b0cb6868dd71.tcx,2025-07-14T03:24:13.234Z,Running,2025-07-14 03:24:13,34.28426666666667,3.1928844098178506,207.0,,,153.0,Nike,2025-07-14,03:24:13.234000
C:\Users\12063\Downloads\sqlite\run_performance_analysis\data\raw\tcx\a14385ca-1e2c-45c9-b832-9539fb76218e.tcx,2025-10-18T16:03:55.862Z,Running,2025-10-18 16:03:55,22.395300000000002,1.980757248697372,126.0,,,154.0,Nike,2025-10-18,16:03:55.862000
C:\Users\12063\Downloads\sqlite\run_performance_analysis\data\raw\tcx\a1c6f44c-fe58-418a-89a1-c1c48e1132b3.tcx,2022-10-26T22:12:38.877Z,Running,2022-10-26 22:12:38,12.611233333333333,0.9665866279709756,60.0,,,128.0,Nike,2022-10-26,22:12:38.877000
C:\Users\12063\Downloads\sqlite\run_performance_analysis\data\raw\tcx\a28bd2ca-e3f3-405b-b550-f23305a56f2b.tcx,2025-04-27T14:50:59.992Z,Running,2025-04-27 14:50:59,10.3862,1.0503204386881269,68.0,,,162.0,Nike,2025-04-27,14:50:59.992000
C:\Users\12063\Downloads\sqlite\run_performance_analysis\data\raw\tcx\a2f03738-8f33-4f57-b25b-2e2110c2434b.tcx,2025-11-13T06:00:05.319Z,Running,2025-11-13 06:00:05,63.01911666666667,5.061126301046723,317.0,,,141.0,Nike,2025-11-13,06:00:05.319000
C:\Users\12063\Downloads\sqlite\run_performance_analysis\data\raw\tcx\a5b585f1-35e8-454c-a2e5-095ede238903.tcx,2023-05-01T22:46:51.369Z,Running,2023-05-01 22:46:51,37.56486666666667,3.367468856500957,274.0,150.0,197.0,129.0,Nike,2023-05-01,22:46:51.369000
C:\Users\12063\Downloads\sqlite\run_performance_analysis\data\raw\tcx\a5c44b00-a1c3-452e-b3e8-fd58328bebca.tcx,2026-03-01T15:02:56.282Z,Running,2026-03-01 15:02:56,20.033866666666665,2.897144781561315,197.0,,,171.0,Nike,2026-03-01,15:02:56.282000
C:\Users\12063\Downloads\sqlite\run_performance_analysis\data\raw\tcx\a5ff3df1-713f-4fd3-9488-a6f6e515dddb.tcx,2025-12-06T17:06:22.045Z,Running,2025-12-06 17:06:22,19.74976666666667,1.892699153703367,122.0,,,161.0,Nike,2025-12-06,17:06:22.045000
C:\Users\12063\Downloads\sqlite\run_performance_analysis\data\raw\tcx\a62842e2-6ecf-461d-8f7c-461db0c80501.tcx,2025-06-21T18:01:39.278Z,Running,2025-06-21 18:01:39,73.46623333333334,8.033337552402596,532.0,,,170.0,Nike,2025-06-21,18:01:39.278000
C:\Users\12063\Downloads\sqlite\run_performance_analysis\data\raw\tcx\a823191e-ff69-43c2-995d-74d8d0b2f0d4.tcx,2026-01-25T17:05:41.915Z,Running,2026-01-25 17:05:41,116.8296,13.110678521808774,870.0,,,166.0,Nike,2026-01-25,17:05:41.915000
C:\Users\12063\Downloads\sqlite\run_performance_analysis\data\raw\tcx\a84eadf5-c5dd-4893-8bbe-cb7f5fa46c2b.tcx,2022-11-28T22:15:09.266Z,Running,2022-11-28 22:15:09,7.649516666666667,0.7353532413435635,63.0,133.0,164.0,172.0,Nike,2022-11-28,22:15:09.266000
C:\Users\12063\Downloads\sqlite\run_performance_analysis\data\raw\tcx\a90da17b-7a4f-4b5d-ba25-3f9df08f0c99.tcx,2025-10-01T23:38:42.061Z,Running,2025-10-01 23:38:42,10.788366666666667,1.0731098605529579,70.0,,,161.0,Nike,2025-10-01,23:38:42.061000
C:\Users\12063\Downloads\sqlite\run_performance_analysis\data\raw\tcx\a94a3777-c396-4842-ad26-b09ed7475351.tcx,2022-11-17T00:43:19.819Z,Running,2022-11-17 00:43:19,10.273916666666667,0.4973251414033717,38.0,127.0,152.0,107.0,Nike,2022-11-17,00:43:19.819000
C:\Users\12063\Downloads\sqlite\run_performance_analysis\data\raw\tcx\a9971435-e1e8-4451-b6fc-11230dd4981c.tcx,2025-07-24T02:01:31.279Z,Running,2025-07-24 02:01:31,29.953333333333333,2.704303029625231,175.0,150.0,168.0,150.0,Nike,2025-07-24,02:01:31.279000
C:\Users\12063\Downloads\sqlite\run_performance_analysis\data\raw\tcx\a9b4773e-070c-44e9-98af-e10dd5ef2ffd.tcx,2025-04-09T13:29:20.866Z,Running,2025-04-09 13:29:20,10.385700000000002,1.0689331064493601,69.0,,,161.0,Nike,2025-04-09,13:29:20.866000
C:\Users\12063\Downloads\sqlite\run_performance_analysis\data\raw\tcx\ac0c0bec-8f92-44ed-95be-4529a01128e4.tcx,2025-08-04T02:08:38.510Z,Running,2025-08-04 02:08:38,119.10561666666668,13.489047205623345,897.0,,,167.0,Nike,2025-08-04,02:08:38.510000
C:\Users\12063\Downloads\sqlite\run_performance_analysis\data\raw\tcx\acc383b1-f280-49d7-8855-d45de8176c28.tcx,2022-11-17T00:13:26.235Z,Running,2022-11-17 00:13:26,8.92355,0.7232999583841998,69.0,147.0,178.0,165.0,Nike,2022-11-17,00:13:26.235000
C:\Users\12063\Downloads\sqlite\run_performance_analysis\data\raw\tcx\ae148d14-62af-4c4e-81c9-cc07cf1e2b6f.tcx,2025-04-28T16:27:41.291Z,Running,2025-04-28 16:27:41,10.665033333333334,1.049939510200001,67.0,,,160.0,Nike,2025-04-28,16:27:41.291000
C:\Users\12063\Downloads\sqlite\run_performance_analysis\data\raw\tcx\af203c29-5519-4910-a05f-31cfdf80b572.tcx,2022-10-14T20:51:30.992Z,Running,2022-10-14 20:51:30,47.4089,3.8575545611089113,244.0,,,136.0,Nike,2022-10-14,20:51:30.992000
C:\Users\12063\Downloads\sqlite\run_performance_analysis\data\raw\tcx\afb78528-5f50-4a60-b111-50cb56d95f9e.tcx,2025-10-29T19:58:26.147Z,Running,2025-10-29 19:58:26,92.45781666666667,9.043426100359827,594.0,,,154.0,Nike,2025-10-29,19:58:26.147000
C:\Users\12063\Downloads\sqlite\run_performance_analysis\data\raw\tcx\afd21b38-dc48-48d6-8200-a62c87dd0c95.tcx,2023-05-25T02:49:53.218Z,Running,2023-05-25 02:49:53,43.66995,5.197581844951556,458.0,160.0,183.0,170.0,Nike,2023-05-25,02:49:53.218000
C:\Users\12063\Downloads\sqlite\run_performance_analysis\data\raw\tcx\afe426db-beb0-476b-b7bd-123a538e68a1.tcx,2025-07-30T23:10:37.509Z,Running,2025-07-30 23:10:37,32.641600000000004,3.9356332701589944,264.0,,,164.0,Nike,2025-07-30,23:10:37.509000
C:\Users\12063\Downloads\sqlite\run_performance_analysis\data\raw\tcx\b074592c-3632-4955-89f3-929c30d29b85.tcx,2023-03-05T22:32:48.383Z,Running,2023-03-05 22:32:48,41.674033333333334,3.657419170792593,293.0,152.0,188.0,149.0,Nike,2023-03-05,22:32:48.383000
C:\Users\12063\Downloads\sqlite\run_performance_analysis\data\raw\tcx\b0c7689a-ec08-4956-8a91-873744254926.tcx,2024-09-05T17:44:36.274Z,Running,2024-09-05 17:44:36,14.532816666666667,1.4979091692429873,131.0,171.0,184.0,158.0,Nike,2024-09-05,17:44:36.274000
C:\Users\12063\Downloads\sqlite\run_performance_analysis\data\raw\tcx\b15ba554-32c3-494d-800d-7bfb481f0d94.tcx,2025-06-19T00:08:50.042Z,Running,2025-06-19 00:08:50,32.17281666666666,3.0783515462102224,197.0,,,155.0,Nike,2025-06-19,00:08:50.042000
C:\Users\12063\Downloads\sqlite\run_performance_analysis\data\raw\tcx\b36497e2-e787-4d73-8df9-b640393903d5.tcx,2024-08-07T02:36:39.888Z,Running,2024-08-07 02:36:39,33.48886666666667,3.2868993327756364,275.0,162.0,176.0,162.0,Nike,2024-08-07,02:36:39.888000
C:\Users\12063\Downloads\sqlite\run_performance_analysis\data\raw\tcx\b37a531c-3e72-41d5-aa80-1e365ebe550d.tcx,2026-01-15T01:30:17.427Z,Running,2026-01-15 01:30:17,54.67485,5.356813699665544,350.0,,,153.0,Nike,2026-01-15,01:30:17.427000
C:\Users\12063\Downloads\sqlite\run_performance_analysis\data\raw\tcx\b5432a6e-ca73-41bd-94d9-5d439bf00ffe.tcx,2023-04-15T18:53:38.780Z,Running,2023-04-15 18:53:38,35.030116666666665,3.392979044691903,270.0,147.0,196.0,151.0,Nike,2023-04-15,18:53:38.780000
C:\Users\12063\Downloads\sqlite\run_performance_analysis\data\raw\tcx\b57aa30b-cae4-4760-b79a-8613dfd2a0b7.tcx,2025-12-27T17:05:35.747Z,Running,2025-12-27 17:05:35,20.846216666666667,1.8913091871707641,120.0,,,151.0,Nike,2025-12-27,17:05:35.747000
C:\Users\12063\Downloads\sqlite\run_performance_analysis\data\raw\tcx\b5fa3288-7b12-4c7c-a6a5-954c64886c6d.tcx,2025-12-06T01:27:46.103Z,Running,2025-12-06 01:27:46,19.289566666666666,1.6882624122018188,112.0,,,143.0,Nike,2025-12-06,01:27:46.103000
C:\Users\12063\Downloads\sqlite\run_performance_analysis\data\raw\tcx\b7137d3a-08e0-46b6-b627-0b215293117a.tcx,2023-05-31T22:24:51.008Z,Running,2023-05-31 22:24:51,58.701299999999996,7.099787061701041,625.0,163.0,190.0,172.0,Nike,2023-05-31,22:24:51.008000
C:\Users\12063\Downloads\sqlite\run_performance_analysis\data\raw\tcx\b7162e36-7078-454c-af71-4c547704c3d0.tcx,2023-02-24T22:38:50.552Z,Running,2023-02-24 22:38:50,54.575583333333334,6.024333630593848,529.0,164.0,183.0,164.0,Nike,2023-02-24,22:38:50.552000
C:\Users\12063\Downloads\sqlite\run_performance_analysis\data\raw\tcx\bb30cbe3-a9be-430b-a549-adb3fb021770.tcx,2025-12-31T02:14:33.509Z,Running,2025-12-31 02:14:33,65.01543333333333,6.561017456096502,430.0,,,157.0,Nike,2025-12-31,02:14:33.509000
C:\Users\12063\Downloads\sqlite\run_performance_analysis\data\raw\tcx\bcf7aaa8-60c4-4a52-8be4-884bbfd13da4.tcx,2025-05-26T01:25:32.545Z,Running,2025-05-26 01:25:32,106.43591666666666,9.851297618659277,629.0,,,155.0,Nike,2025-05-26,01:25:32.545000
C:\Users\12063\Downloads\sqlite\run_performance_analysis\data\raw\tcx\bd4dd691-bbbd-4235-9bed-790e6f8a1723.tcx,2022-10-17T22:21:42.746Z,Running,2022-10-17 22:21:42,35.653299999999994,3.2412984972630148,207.0,,,154.0,Nike,2022-10-17,22:21:42.746000
C:\Users\12063\Downloads\sqlite\run_performance_analysis\data\raw\tcx\bfb9e11c-4cc3-41ea-907f-cd409a0fd0df.tcx,2026-01-03T17:06:48.331Z,Running,2026-01-03 17:06:48,19.553316666666667,1.8992691362544947,126.0,,,154.0,Nike,2026-01-03,17:06:48.331000
C:\Users\12063\Downloads\sqlite\run_performance_analysis\data\raw\tcx\c04d0e39-74e5-4167-ad7f-fae050087ab8.tcx,2023-06-27T01:14:09.958Z,Running,2023-06-27 01:14:09,32.10075,3.3373040681559516,228.0,,,155.0,Nike,2023-06-27,01:14:09.958000
C:\Users\12063\Downloads\sqlite\run_performance_analysis\data\raw\tcx\c0c1c5c0-e330-4d38-bc24-0572ff6e2193.tcx,2023-06-29T16:54:05.418Z,Running,2023-06-29 16:54:05,35.6423,2.6775167210443938,235.0,138.0,177.0,138.0,Nike,2023-06-29,16:54:05.418000
C:\Users\12063\Downloads\sqlite\run_performance_analysis\data\raw\tcx\c2019c71-0404-490c-bcb1-10d334470adf.tcx,2025-12-27T19:53:00.739Z,Running,2025-12-27 19:53:00,37.461133333333336,3.6798594509768052,240.0,,,158.0,Nike,2025-12-27,19:53:00.739000
C:\Users\12063\Downloads\sqlite\run_performance_analysis\data\raw\tcx\c22a5100-1479-4eea-8324-931d0f8cb7d8.tcx,2025-10-26T16:59:33.218Z,Running,2025-10-26 16:59:33,23.15898333333333,3.126067302708349,211.0,,,173.0,Nike,2025-10-26,16:59:33.218000
C:\Users\12063\Downloads\sqlite\run_performance_analysis\data\raw\tcx\c238993d-1457-426a-87b5-14f3e417304d.tcx,2023-03-13T22:51:51.498Z,Running,2023-03-13 22:51:51,34.593133333333334,3.197245446031243,248.0,154.0,199.0,138.0,Nike,2023-03-13,22:51:51.498000
C:\Users\12063\Downloads\sqlite\run_performance_analysis\data\raw\tcx\c42b5f67-41b0-4f1e-b63b-794d3b5e34d0.tcx,2025-07-22T00:02:44.792Z,Running,2025-07-22 00:02:44,140.0864,13.004715599363239,848.0,,,156.0,Nike,2025-07-22,00:02:44.792000
C:\Users\12063\Downloads\sqlite\run_performance_analysis\data\raw\tcx\c53d9e8d-aa0c-4923-b5f2-dbfeb3ed24ef.tcx,2025-10-05T17:12:55.472Z,Running,2025-10-05 17:12:55,16.79938333333333,1.5297767111411755,97.0,,,153.0,Nike,2025-10-05,17:12:55.472000
C:\Users\12063\Downloads\sqlite\run_performance_analysis\data\raw\tcx\c5567a78-9f9e-4eff-baed-f13f53c94b9e.tcx,2023-11-21T15:26:42.446Z,Running,2023-11-21 15:26:42,47.487566666666666,3.973529914857719,374.0,157.0,180.0,151.0,Nike,2023-11-21,15:26:42.446000
C:\Users\12063\Downloads\sqlite\run_performance_analysis\data\raw\tcx\c561fdd4-c505-4e02-b53b-1f693616e0d0.tcx,2025-11-29T08:58:25.019Z,Running,2025-11-29 08:58:25,27.860916666666665,2.538115252250618,162.0,,,136.0,Nike,2025-11-29,08:58:25.019000
C:\Users\12063\Downloads\sqlite\run_performance_analysis\data\raw\tcx\c62f7044-9880-4bb3-9f37-b8287d83abda.tcx,2023-05-03T22:27:12.494Z,Running,2023-05-03 22:27:12,10.154733333333333,1.1054816725732992,168.0,126.0,184.0,170.0,Nike,2023-05-03,22:27:12.494000
C:\Users\12063\Downloads\sqlite\run_performance_analysis\data\raw\tcx\c6711f99-ef83-46a2-8b2d-171bbbdc0de4.tcx,2026-02-09T23:38:02.029Z,Running,2026-02-09 23:38:02,47.91321666666667,4.796792926179847,313.0,,,142.0,Nike,2026-02-09,23:38:02.029000
C:\Users\12063\Downloads\sqlite\run_performance_analysis\data\raw\tcx\c6e0fb04-54fd-4c22-8815-9c5fb3aa36da.tcx,2023-06-13T22:01:53.008Z,Running,2023-06-13 22:01:53,106.79598333333334,13.175356242055146,1129.0,165.0,192.0,172.0,Nike,2023-06-13,22:01:53.008000
C:\Users\12063\Downloads\sqlite\run_performance_analysis\data\raw\tcx\c76dc696-b589-44c2-8ada-faaec3e52c53.tcx,2025-12-11T06:18:13.485Z,Running,2025-12-11 06:18:13,27.5,2.7000067108255563,,,,,Nike,2025-12-11,06:18:13.485000
C:\Users\12063\Downloads\sqlite\run_performance_analysis\data\raw\tcx\c7b3c7a6-78c9-4ef3-8fc1-297866efd1f7.tcx,2025-08-02T16:02:29.607Z,Running,2025-08-02 16:02:29,16.62835,1.9036883943187712,126.0,,,165.0,Nike,2025-08-02,16:02:29.607000
C:\Users\12063\Downloads\sqlite\run_performance_analysis\data\raw\tcx\c95019eb-ea57-4f5a-b216-934641b11eb5.tcx,2023-05-08T02:12:42.783Z,Running,2023-05-08 02:12:42,30.131416666666667,2.977120546843599,266.0,161.0,187.0,161.0,Nike,2023-05-08,02:12:42.783000
C:\Users\12063\Downloads\sqlite\run_performance_analysis\data\raw\tcx\c96791e4-f928-4b34-bf94-d8d2cd975786.tcx,2025-10-22T00:00:52.854Z,Running,2025-10-22 00:00:52,49.00306666666667,3.6958329188912167,228.0,,,125.0,Nike,2025-10-22,00:00:52.854000
C:\Users\12063\Downloads\sqlite\run_performance_analysis\data\raw\tcx\cae40b4b-289a-438d-b8a0-c0396e4b5d66.tcx,2026-02-13T22:20:55.851Z,Running,2026-02-13 22:20:55,44.9248,4.587725205039251,301.0,,,161.0,Nike,2026-02-13,22:20:55.851000
C:\Users\12063\Downloads\sqlite\run_performance_analysis\data\raw\tcx\cbbbac5a-47a2-4423-98b8-f58078104321.tcx,2023-06-27T16:38:53.756Z,Running,2023-06-27 16:38:53,65.39736666666667,7.20007255946347,627.0,165.0,187.0,174.0,Nike,2023-06-27,16:38:53.756000
C:\Users\12063\Downloads\sqlite\run_performance_analysis\data\raw\tcx\cc10df73-e162-4650-ac67-cb9af6044910.tcx,2025-04-08T13:21:50.425Z,Running,2025-04-08 13:21:50,10.938233333333333,1.1067730580041832,72.0,,,158.0,Nike,2025-04-08,13:21:50.425000
C:\Users\12063\Downloads\sqlite\run_performance_analysis\data\raw\tcx\cd9823f3-9a0d-4f74-8e93-874b05cb9966.tcx,2025-05-14T03:13:59.498Z,Running,2025-05-14 03:13:59,47.69408333333333,4.061443756318679,256.0,161.0,186.0,140.0,Nike,2025-05-14,03:13:59.498000
C:\Users\12063\Downloads\sqlite\run_performance_analysis\data\raw\tcx\cf2d0f05-85d7-44ab-ac30-74e51334bea0.tcx,2022-11-24T18:55:58.081Z,Running,2022-11-24 18:55:58,7.24515,0.7180507928945388,99.0,184.0,192.0,174.0,Nike,2022-11-24,18:55:58.081000
C:\Users\12063\Downloads\sqlite\run_performance_analysis\data\raw\tcx\cf38fad4-83bf-4731-b8a6-c0119bc12ae2.tcx,2026-01-06T02:42:26.264Z,Running,2026-01-06 02:42:26,62.43985,6.118102808090611,391.0,,,149.0,Nike,2026-01-06,02:42:26.264000
C:\Users\12063\Downloads\sqlite\run_performance_analysis\data\raw\tcx\cfc00804-392f-43d9-ba2c-dfbd7b83f23f.tcx,2023-03-27T22:35:37.577Z,Running,2023-03-27 22:35:37,39.15976666666666,4.2474880861195405,349.0,170.0,201.0,140.0,Nike,2023-03-27,22:35:37.577000
C:\Users\12063\Downloads\sqlite\run_performance_analysis\data\raw\tcx\d06cc8a2-48e2-4724-b6c7-4b80c19aa896.tcx,2025-10-03T23:22:25.764Z,Running,2025-10-03 23:22:25,65.02628333333334,4.939324317152969,306.0,,,133.0,Nike,2025-10-03,23:22:25.764000
C:\Users\12063\Downloads\sqlite\run_performance_analysis\data\raw\tcx\d31d2d76-01e2-42e0-84a6-64c74fdbfb47.tcx,2025-07-03T05:05:46.253Z,Running,2025-07-03 05:05:46,3.915966666666667,0.3040317138734923,18.0,,,146.0,Nike,2025-07-03,05:05:46.253000
C:\Users\12063\Downloads\sqlite\run_performance_analysis\data\raw\tcx\d37a7430-142c-491e-afa2-0f1fc058f8ac.tcx,2024-07-14T22:07:06.343Z,Running,2024-07-14 22:07:06,38.81603333333333,2.4492752153643687,221.0,163.0,195.0,126.0,Nike,2024-07-14,22:07:06.343000
C:\Users\12063\Downloads\sqlite\run_performance_analysis\data\raw\tcx\d4c4bb84-e701-4154-9352-5743e357177e.tcx,2025-10-15T01:43:31.464Z,Running,2025-10-15 01:43:31,66.71828333333333,6.211855988831083,399.0,,,152.0,Nike,2025-10-15,01:43:31.464000
C:\Users\12063\Downloads\sqlite\run_performance_analysis\data\raw\tcx\d502d6a3-ff19-487d-8275-ec3ef3f77903.tcx,2025-04-11T17:49:41.927Z,Running,2025-04-11 17:49:41,33.36666666666667,3.640009047187046,,,,,Nike,2025-04-11,17:49:41.927000
C:\Users\12063\Downloads\sqlite\run_performance_analysis\data\raw\tcx\d50f7214-c158-4fc0-bf53-9424cf4f33d8.tcx,2026-02-06T22:55:34.834Z,Running,2026-02-06 22:55:34,43.381949999999996,4.37592656125077,284.0,,,153.0,Nike,2026-02-06,22:55:34.834000
C:\Users\12063\Downloads\sqlite\run_performance_analysis\data\raw\tcx\d5671837-6e25-4d73-896d-468d314c1c8a.tcx,2025-07-04T23:02:47.084Z,Running,2025-07-04 23:02:47,31.360583333333334,2.009901931455731,121.0,,,125.0,Nike,2025-07-04,23:02:47.084000
C:\Users\12063\Downloads\sqlite\run_performance_analysis\data\raw\tcx\d5e734f5-7421-4557-a531-617483e4cf88.tcx,2026-01-24T18:11:28.327Z,Running,2026-01-24 18:11:28,55.783633333333334,5.077037707178618,324.0,,,154.0,Nike,2026-01-24,18:11:28.327000
C:\Users\12063\Downloads\sqlite\run_performance_analysis\data\raw\tcx\d62e8f22-6798-4a3b-b275-f32478ec650b.tcx,2026-02-04T23:10:59.317Z,Running,2026-02-04 23:10:59,33.47461666666667,3.1460332390911376,200.0,,,136.0,Nike,2026-02-04,23:10:59.317000
C:\Users\12063\Downloads\sqlite\run_performance_analysis\data\raw\tcx\d63b0262-9d3b-4513-89aa-dba4f0aeed0c.tcx,2026-01-01T00:48:51.347Z,Running,2026-01-01 00:48:51,49.170550000000006,4.033780898637329,251.0,,,144.0,Nike,2026-01-01,00:48:51.347000
C:\Users\12063\Downloads\sqlite\run_performance_analysis\data\raw\tcx\d64077c4-69d3-4618-b885-53769fc35497.tcx,2023-05-11T22:31:36.908Z,Running,2023-05-11 22:31:36,23.726283333333335,2.5368279565999274,210.0,148.0,174.0,173.0,Nike,2023-05-11,22:31:36.908000
C:\Users\12063\Downloads\sqlite\run_performance_analysis\data\raw\tcx\d6653d17-8cec-42f1-ac03-f5dfd90f4860.tcx,2025-06-21T01:12:46.546Z,Running,2025-06-21 01:12:46,33.165866666666666,2.6798613115401775,163.0,130.0,159.0,135.0,Nike,2025-06-21,01:12:46.546000
C:\Users\12063\Downloads\sqlite\run_performance_analysis\data\raw\tcx\d68a4e61-6a84-4671-9876-ca635d6abc4a.tcx,2026-03-03T19:56:39.185Z,Running,2026-03-03 19:56:39,17.069833333333335,1.819570994995037,120.0,,,162.0,Nike,2026-03-03,19:56:39.185000
C:\Users\12063\Downloads\sqlite\run_performance_analysis\data\raw\tcx\d6928c45-8668-41f8-a7aa-680227c0fcd5.tcx,2025-04-20T12:29:50.948Z,Running,2025-04-20 12:29:50,10.437483333333335,1.0647788908020055,69.0,,,163.0,Nike,2025-04-20,12:29:50.948000
C:\Users\12063\Downloads\sqlite\run_performance_analysis\data\raw\tcx\d714f9e6-c45e-416d-8130-4b368afceb02.tcx,2022-09-14T23:09:44.831Z,Running,2022-09-14 23:09:44,16.1343,1.1441370786663858,72.0,,,132.0,Nike,2022-09-14,23:09:44.831000
C:\Users\12063\Downloads\sqlite\run_performance_analysis\data\raw\tcx\d7dec75d-e553-4ba6-a15c-3b4e15d041ba.tcx,2022-12-13T22:20:22.588Z,Running,2022-12-13 22:20:22,25.4992,3.03618374038024,303.0,153.0,186.0,168.0,Nike,2022-12-13,22:20:22.588000
C:\Users\12063\Downloads\sqlite\run_performance_analysis\data\raw\tcx\d8b9466a-6eb0-429a-b376-4fd17dd89f50.tcx,2025-09-22T23:14:57.308Z,Running,2025-09-22 23:14:57,50.75391666666667,4.62673216034314,299.0,,,151.0,Nike,2025-09-22,23:14:57.308000
C:\Users\12063\Downloads\sqlite\run_performance_analysis\data\raw\tcx\dafcb533-bc08-4ffd-b7ac-76c3a99f7d05.tcx,2024-09-19T23:35:42.038Z,Running,2024-09-19 23:35:42,31.9283,2.590372061925485,250.0,148.0,178.0,153.0,Nike,2024-09-19,23:35:42.038000
C:\Users\12063\Downloads\sqlite\run_performance_analysis\data\raw\tcx\dbc08d58-5550-4137-bfb6-d97cd6afcf94.tcx,2025-04-10T16:09:57.619Z,Running,2025-04-10 16:09:57,10.464816666666668,1.065726730212692,69.0,,,161.0,Nike,2025-04-10,16:09:57.619000
C:\Users\12063\Downloads\sqlite\run_performance_analysis\data\raw\tcx\dcb7885c-ce08-4318-8346-80d0f22c78df.tcx,2025-06-21T16:02:46.131Z,Running,2025-06-21 16:02:46,19.6567,1.887823160094351,122.0,,,165.0,Nike,2025-06-21,16:02:46.131000
C:\Users\12063\Downloads\sqlite\run_performance_analysis\data\raw\tcx\dcdbeba3-7d6f-4d85-a824-a62c50fd6093.tcx,2023-06-03T18:12:44.026Z,Running,2023-06-03 18:12:44,106.82263333333334,13.002906704871233,1119.0,166.0,198.0,171.0,Nike,2023-06-03,18:12:44.026000
C:\Users\12063\Downloads\sqlite\run_performance_analysis\data\raw\tcx\deafd022-ba23-42f2-b126-0a539c005996.tcx,2022-11-11T20:37:25.292Z,Running,2022-11-11 20:37:25,89.04706666666667,7.1351934191939925,583.0,150.0,193.0,137.0,Nike,2022-11-11,20:37:25.292000
C:\Users\12063\Downloads\sqlite\run_performance_analysis\data\raw\tcx\df59cf65-cfbf-4244-b83b-f9ddc6900029.tcx,2023-05-05T20:50:50.145Z,Running,2023-05-05 20:50:50,30.56676666666667,3.7582563124094093,319.0,165.0,194.0,177.0,Nike,2023-05-05,20:50:50.145000
C:\Users\12063\Downloads\sqlite\run_performance_analysis\data\raw\tcx\dfeb38a1-63d7-4669-9b8c-7f1888ddb845.tcx,2026-02-18T01:04:20.918Z,Running,2026-02-18 01:04:20,36.86185,3.498960667804511,232.0,,,129.0,Nike,2026-02-18,01:04:20.918000
C:\Users\12063\Downloads\sqlite\run_performance_analysis\data\raw\tcx\dff67597-040c-44f7-a30f-264ab6a2eefe.tcx,2025-04-19T14:41:52.847Z,Running,2025-04-19 14:41:52,10.838216666666666,1.0515391339133335,67.0,,,161.0,Nike,2025-04-19,14:41:52.847000
C:\Users\12063\Downloads\sqlite\run_performance_analysis\data\raw\tcx\dff79959-ca6f-41ad-b264-f4f9bd307444.tcx,2022-11-09T23:51:12.079Z,Running,2022-11-09 23:51:12,48.77528333333333,5.338524998038951,362.0,,,167.0,Nike,2022-11-09,23:51:12.079000
C:\Users\12063\Downloads\sqlite\run_performance_analysis\data\raw\tcx\e0e10ed3-9761-4a4e-ab64-bc760fe5ef04.tcx,2023-03-04T00:18:50.819Z,Running,2023-03-04 00:18:50,22.982766666666667,1.873378277116779,166.0,136.0,178.0,146.0,Nike,2023-03-04,00:18:50.819000
C:\Users\12063\Downloads\sqlite\run_performance_analysis\data\raw\tcx\e12c38f9-17f8-4234-b26a-a533e72c33f2.tcx,2025-10-31T23:25:47.134Z,Running,2025-10-31 23:25:47,62.015033333333335,4.346672001103056,271.0,,,124.0,Nike,2025-10-31,23:25:47.134000
C:\Users\12063\Downloads\sqlite\run_performance_analysis\data\raw\tcx\e29fa2f2-3d6d-413a-926d-dbb236697b06.tcx,2025-10-11T16:05:41.440Z,Running,2025-10-11 16:05:41,20.90041666666667,1.8976993743569333,121.0,,,163.0,Nike,2025-10-11,16:05:41.440000
C:\Users\12063\Downloads\sqlite\run_performance_analysis\data\raw\tcx\e306c9b4-5c05-422f-9bc8-81c89dcaa0ac.tcx,2025-04-12T17:56:52.428Z,Running,2025-04-12 17:56:52,9.183366666666666,1.0671450859662046,71.0,,,164.0,Nike,2025-04-12,17:56:52.428000
C:\Users\12063\Downloads\sqlite\run_performance_analysis\data\raw\tcx\e441b06c-d845-4151-9aaf-21649a99453e.tcx,2022-11-28T22:24:45.178Z,Running,2022-11-28 22:24:45,6.062733333333333,0.7691263573290209,80.0,150.0,176.0,180.0,Nike,2022-11-28,22:24:45.178000
C:\Users\12063\Downloads\sqlite\run_performance_analysis\data\raw\tcx\e474365f-fbe3-4517-801b-75f507e91893.tcx,2025-11-20T05:07:49.771Z,Running,2025-11-20 05:07:49,77.06271666666666,7.392775366060191,481.0,,,155.0,Nike,2025-11-20,05:07:49.771000
C:\Users\12063\Downloads\sqlite\run_performance_analysis\data\raw\tcx\e48a5eb2-be75-4fb8-a466-e4956a687db3.tcx,2025-08-01T23:56:10.248Z,Running,2025-08-01 23:56:10,50.36106666666667,2.68277739259437,161.0,,,112.0,Nike,2025-08-01,23:56:10.248000
C:\Users\12063\Downloads\sqlite\run_performance_analysis\data\raw\tcx\e6e36e61-41db-41cf-bf1d-ed737b2c9451.tcx,2022-11-14T23:48:03.340Z,Running,2022-11-14 23:48:03,20.723316666666665,2.3724810963077974,230.0,157.0,184.0,178.0,Nike,2022-11-14,23:48:03.340000
C:\Users\12063\Downloads\sqlite\run_performance_analysis\data\raw\tcx\e7b94f7a-ecff-4eeb-9435-b75b57aa134e.tcx,2022-11-15T00:15:35.591Z,Running,2022-11-15 00:15:35,17.1928,2.0239791004089978,203.0,144.0,183.0,178.0,Nike,2022-11-15,00:15:35.591000
C:\Users\12063\Downloads\sqlite\run_performance_analysis\data\raw\tcx\e7ea2939-e073-48a2-a255-86ee4232ce28.tcx,2022-11-21T23:47:18.952Z,Running,2022-11-21 23:47:18,31.239733333333334,1.983167186533838,138.0,136.0,191.0,119.0,Nike,2022-11-21,23:47:18.952000
C:\Users\12063\Downloads\sqlite\run_performance_analysis\data\raw\tcx\e896c1a9-87b6-480d-851b-763f6c9dac38.tcx,2022-10-26T22:26:26.703Z,Running,2022-10-26 22:26:26,13.959633333333333,1.5217588907992943,101.0,,,160.0,Nike,2022-10-26,22:26:26.703000
C:\Users\12063\Downloads\sqlite\run_performance_analysis\data\raw\tcx\e8c706f7-aa33-498d-a77d-3bf96e8835ef.tcx,2025-10-05T15:57:56.769Z,Running,2025-10-05 15:57:56,14.453866666666666,0.9121764368734252,58.0,,,116.0,Nike,2025-10-05,15:57:56.769000
C:\Users\12063\Downloads\sqlite\run_performance_analysis\data\raw\tcx\e97696e0-1dba-46a9-84fb-363156ada392.tcx,2022-10-15T16:19:54.793Z,Running,2022-10-15 16:19:54,16.101216666666666,2.0206355953673665,136.0,155.0,179.0,175.0,Nike,2022-10-15,16:19:54.793000
C:\Users\12063\Downloads\sqlite\run_performance_analysis\data\raw\tcx\e9b46c62-cfe5-4215-95e0-932bc01dcc31.tcx,2025-10-26T16:29:43.193Z,Running,2025-10-26 16:29:43,11.457416666666667,1.0254002062606429,65.0,,,148.0,Nike,2025-10-26,16:29:43.193000
C:\Users\12063\Downloads\sqlite\run_performance_analysis\data\raw\tcx\e9c5440d-1376-44fa-9955-bd146552b986.tcx,2025-05-11T13:21:49.918Z,Running,2025-05-11 13:21:49,7.9450666666666665,0.5612056855660336,36.0,,,121.0,Nike,2025-05-11,13:21:49.918000
C:\Users\12063\Downloads\sqlite\run_performance_analysis\data\raw\tcx\eaab57e4-0729-4e74-bef3-dc0300eee30e.tcx,2023-06-20T20:19:25.065Z,Running,2023-06-20 20:19:25,62.58475,6.741759232721257,582.0,153.0,190.0,168.0,Nike,2023-06-20,20:19:25.065000
C:\Users\12063\Downloads\sqlite\run_performance_analysis\data\raw\tcx\eb5a11f8-a603-421d-8882-00df39c7f710.tcx,2026-01-22T02:23:48.076Z,Running,2026-01-22 02:23:48,29.887416666666663,2.972779189046556,201.0,,,132.0,Nike,2026-01-22,02:23:48.076000
C:\Users\12063\Downloads\sqlite\run_performance_analysis\data\raw\tcx\ec25afe2-bd57-440d-ad2c-3cb097a12f80.tcx,2025-11-08T01:29:52.778Z,Running,2025-11-08 01:29:52,186.82351666666668,20.000702172804804,1331.0,,,164.0,Nike,2025-11-08,01:29:52.778000
C:\Users\12063\Downloads\sqlite\run_performance_analysis\data\raw\tcx\ecb98d0b-5fd3-45f6-8be9-d31efaa8996a.tcx,2025-04-13T11:54:05.486Z,Running,2025-04-13 11:54:05,89.0241,9.237125919499915,608.0,,,165.0,Nike,2025-04-13,11:54:05.486000
C:\Users\12063\Downloads\sqlite\run_performance_analysis\data\raw\tcx\ed3196bf-59ba-419c-80e2-1ef4f9fb3388.tcx,2023-02-14T23:01:05.640Z,Running,2023-02-14 23:01:05,30.957583333333332,2.878652178724086,246.0,159.0,176.0,157.0,Nike,2023-02-14,23:01:05.640000
C:\Users\12063\Downloads\sqlite\run_performance_analysis\data\raw\tcx\edf2515c-aef3-44a0-be9f-8ab3406b578e.tcx,2025-09-09T00:19:48.447Z,Running,2025-09-09 00:19:48,13.414250000000001,1.280475445466953,85.0,,,148.0,Nike,2025-09-09,00:19:48.447000
C:\Users\12063\Downloads\sqlite\run_performance_analysis\data\raw\tcx\edf47b89-5502-4066-b6ef-ac52edaf3526.tcx,2023-03-17T22:38:32.992Z,Running,2023-03-17 22:38:32,41.72998333333333,4.84023791024342,365.0,169.0,195.0,152.0,Nike,2023-03-17,22:38:32.992000
C:\Users\12063\Downloads\sqlite\run_performance_analysis\data\raw\tcx\ee197fdf-2c69-455e-9896-bf29e56dc7b9.tcx,2025-08-18T02:57:05.320Z,Running,2025-08-18 02:57:05,39.993399999999994,4.222044726972271,279.0,,,149.0,Nike,2025-08-18,02:57:05.320000
C:\Users\12063\Downloads\sqlite\run_performance_analysis\data\raw\tcx\ef312365-f79a-4eba-8210-c18f0823c1c4.tcx,2025-01-08T01:11:16.441Z,Running,2025-01-08 01:11:16,50.89476666666667,4.073832183930764,251.0,,,131.0,Nike,2025-01-08,01:11:16.441000
C:\Users\12063\Downloads\sqlite\run_performance_analysis\data\raw\tcx\efd0f52b-44df-47cc-bcac-d253f9dc5e44.tcx,2025-05-20T03:24:36.159Z,Running,2025-05-20 03:24:36,10.652516666666665,0.761615726120662,43.0,,,120.0,Nike,2025-05-20,03:24:36.159000
C:\Users\12063\Downloads\sqlite\run_performance_analysis\data\raw\tcx\f0cad5d2-17a4-4456-b8cb-f61fc08080ee.tcx,2025-09-06T16:01:21.472Z,Running,2025-09-06 16:01:21,19.960483333333332,1.9158768977251819,124.0,,,157.0,Nike,2025-09-06,16:01:21.472000
C:\Users\12063\Downloads\sqlite\run_performance_analysis\data\raw\tcx\f10dbe3e-f3d8-4614-8be2-72dd32f44d83.tcx,2026-03-01T00:52:12.947Z,Running,2026-03-01 00:52:12,16.52296666666667,1.6262518335322462,105.0,,,151.0,Nike,2026-03-01,00:52:12.947000
C:\Users\12063\Downloads\sqlite\run_performance_analysis\data\raw\tcx\f13069f7-4507-47c6-b0e5-7b61a125f0f4.tcx,2025-05-04T12:11:08.875Z,Running,2025-05-04 12:11:08,81.34748333333333,7.8971088439441255,511.0,,,163.0,Nike,2025-05-04,12:11:08.875000
C:\Users\12063\Downloads\sqlite\run_performance_analysis\data\raw\tcx\f14c7551-9919-4931-a14e-a0048947f503.tcx,2026-02-04T02:27:10.597Z,Running,2026-02-04 02:27:10,53.949,5.727663513834262,376.0,,,158.0,Nike,2026-02-04,02:27:10.597000
C:\Users\12063\Downloads\sqlite\run_performance_analysis\data\raw\tcx\f1755914-bdc4-4265-a5a0-620aa12dc957.tcx,2023-03-21T22:44:26.829Z,Running,2023-03-21 22:44:26,35.05975,3.773021900039618,314.0,168.0,194.0,183.0,Nike,2023-03-21,22:44:26.829000
C:\Users\12063\Downloads\sqlite\run_performance_analysis\data\raw\tcx\f31c1c4d-7d6c-4ed7-ad10-eac1e2c949d6.tcx,2025-07-22T02:54:22.708Z,Running,2025-07-22 02:54:22,12.390383333333334,0.8376984746609994,47.0,,,128.0,Nike,2025-07-22,02:54:22.708000
C:\Users\12063\Downloads\sqlite\run_performance_analysis\data\raw\tcx\f41f54fa-e6b2-41b4-879e-6f41204fb526.tcx,2025-07-30T23:50:31.883Z,Running,2025-07-30 23:50:31,10.274733333333334,0.8495258617274912,53.0,,,148.0,Nike,2025-07-30,23:50:31.883000
C:\Users\12063\Downloads\sqlite\run_performance_analysis\data\raw\tcx\f4273f7c-5895-4602-8b22-18a7466835c1.tcx,2025-10-06T23:59:27.050Z,Running,2025-10-06 23:59:27,30.10455,2.354887031002738,143.0,,,135.0,Nike,2025-10-06,23:59:27.050000
C:\Users\12063\Downloads\sqlite\run_performance_analysis\data\raw\tcx\f5a08175-473e-4129-8070-60f2660b5805.tcx,2023-02-12T23:47:38.307Z,Running,2023-02-12 23:47:38,26.37795,2.4455036487004675,200.0,151.0,177.0,159.0,Nike,2023-02-12,23:47:38.307000
C:\Users\12063\Downloads\sqlite\run_performance_analysis\data\raw\tcx\f5de2880-9294-45db-ab06-dce6388f7926.tcx,2024-09-05T18:00:35.362Z,Running,2024-09-05 18:00:35,11.582666666666666,1.10321940652064,100.0,182.0,189.0,153.0,Nike,2024-09-05,18:00:35.362000
C:\Users\12063\Downloads\sqlite\run_performance_analysis\data\raw\tcx\f6c3380c-39c9-4fd4-a5fe-7580cfd2fa5b.tcx,2023-03-31T19:14:14.447Z,Running,2023-03-31 19:14:14,46.46915,6.000155773445911,537.0,179.0,206.0,184.0,Nike,2023-03-31,19:14:14.447000
C:\Users\12063\Downloads\sqlite\run_performance_analysis\data\raw\tcx\f6c730a2-2fd3-4298-a5f2-eb596486f12f.tcx,2023-09-12T18:20:42.153Z,Running,2023-09-12 18:20:42,24.388883333333336,2.6657193849178267,219.0,170.0,184.0,161.0,Nike,2023-09-12,18:20:42.153000
C:\Users\12063\Downloads\sqlite\run_performance_analysis\data\raw\tcx\f786ee44-03a5-4bd0-b6b3-3dbee139c095.tcx,2025-01-04T23:36:14.338Z,Running,2025-01-04 23:36:14,35.01468333333333,3.2321740270350547,206.0,,,152.0,Nike,2025-01-04,23:36:14.338000
C:\Users\12063\Downloads\sqlite\run_performance_analysis\data\raw\tcx\f7cd3711-0848-4cc0-8966-d8008ac73daf.tcx,2025-04-05T16:01:42.352Z,Running,2025-04-05 16:01:42,24.4113,3.1059524444333717,209.0,,,169.0,Nike,2025-04-05,16:01:42.352000
C:\Users\12063\Downloads\sqlite\run_performance_analysis\data\raw\tcx\f8555db9-6070-4754-bf5e-68b18a6c4129.tcx,2023-05-09T22:29:24.943Z,Running,2023-05-09 22:29:24,37.56211666666666,3.864809693318453,254.0,,,172.0,Nike,2023-05-09,22:29:24.943000
C:\Users\12063\Downloads\sqlite\run_performance_analysis\data\raw\tcx\f91a386f-b8ab-4f21-9913-69875f923668.tcx,2022-10-28T21:14:31.779Z,Running,2022-10-28 21:14:31,19.55206666666667,1.85997788803048,120.0,,,163.0,Nike,2022-10-28,21:14:31.779000
C:\Users\12063\Downloads\sqlite\run_performance_analysis\data\raw\tcx\f9cea352-f7e2-48ef-a3b4-4cb811224731.tcx,2022-11-19T22:06:24.164Z,Running,2022-11-19 22:06:24,75.34335,9.008555631456694,780.0,175.0,194.0,182.0,Nike,2022-11-19,22:06:24.164000
C:\Users\12063\Downloads\sqlite\run_performance_analysis\data\raw\tcx\fc25f995-ee21-4e4b-af29-a1edd7477a21.tcx,2023-02-10T21:16:39.236Z,Running,2023-02-10 21:16:39,37.71253333333333,3.739202575964436,324.0,168.0,186.0,155.0,Nike,2023-02-10,21:16:39.236000
C:\Users\12063\Downloads\sqlite\run_performance_analysis\data\raw\tcx\fc2e99e0-a81d-4676-9ce8-d675fd5bdd5b.tcx,2023-06-17T00:08:31.155Z,Running,2023-06-17 00:08:31,44.481433333333335,5.189345014301515,432.0,159.0,196.0,169.0,Nike,2023-06-17,00:08:31.155000
C:\Users\12063\Downloads\sqlite\run_performance_analysis\data\raw\tcx\fdea3fbb-133f-4674-92d2-841a7d62e6e4.tcx,2022-11-19T23:53:20.119Z,Running,2022-11-19 23:53:20,11.848966666666666,1.0463815528804246,87.0,166.0,176.0,167.0,Nike,2022-11-19,23:53:20.119000
C:\Users\12063\Downloads\sqlite\run_performance_analysis\data\raw\tcx\fdfbd344-c69c-493c-ac2f-79d9c61d91ca.tcx,2026-01-27T22:58:36.207Z,Running,2026-01-27 22:58:36,44.2451,4.265520469490199,275.0,,,161.0,Nike,2026-01-27,22:58:36.207000
C:\Users\12063\Downloads\sqlite\run_performance_analysis\data\raw\tcx\ff527145-2054-49ed-9286-928f4ab9148f.tcx,2026-03-06T00:46:56.583Z,Running,2026-03-06 00:46:56,37.10366666666666,4.004332650418155,264.0,,,157.0,Nike,2026-03-06,00:46:56.583000
C:\Users\12063\Downloads\sqlite\run_performance_analysis\data\raw\tcx\ff9d69d8-6c31-4a7b-b503-1646de10b9f2.tcx,2023-02-02T22:41:53.808Z,Running,2023-02-02 22:41:53,24.813283333333334,2.5424148203967403,242.0,166.0,185.0,162.0,Nike,2023-02-02,22:41:53.808000
C:\Users\12063\Downloads\sqlite\run_performance_analysis\data\raw\tcx\ffbcd7e7-5649-4279-a6bf-8ec9130547a8.tcx,2025-11-25T02:36:21.571Z,Running,2025-11-25 02:36:21,96.22318333333332,10.003045401929093,659.0,,,158.0,Nike,2025-11-25,02:36:21.571000
