timestamp,distance_miles,total_time_min,activity_type,pace,source,row_number,distance_bucket,week,month,year
2019-09-24 22:06:48,0.06651173773099534,42.86318333333334,Running,644.4453985955405,Nike,1,0-3,39,9,2019
2019-10-14 22:31:48,3.6274207497140147,37.85276666666667,Running,10.435173992333526,Nike,1,3-6,42,10,2019
2019-11-11 00:38:04,2.9396939314497956,24.399966666666668,Running,8.300172479055707,Nike,1,0-3,46,11,2019
2022-09-03 21:45:45,2.1970234247984997,29.527949999999997,Running,13.439979595442027,Nike,1,0-3,35,9,2022
2022-09-14 23:09:44,1.1441370786663858,16.1343,Running,14.101719366359713,Nike,1,0-3,37,9,2022
2022-10-10 22:19:38,1.9554051558567542,28.463416666666667,Running,14.556275757693559,Nike,1,0-3,41,10,2022
2022-10-14 20:51:30,3.8575545611089113,47.4089,Running,12.28988449780257,Nike,1,3-6,41,10,2022
2022-10-15 16:19:54,2.0206355953673665,16.101216666666666,Running,7.968392076028605,Nike,1,0-3,41,10,2022
2022-10-17 22:21:42,3.2412984972630148,35.653299999999994,Running,10.999696581510774,Nike,1,3-6,42,10,2022
2022-10-22 20:44:50,2.404364138440594,32.856366666666666,Running,13.665303911900976,Nike,1,0-3,42,10,2022
2022-10-26 22:12:38,0.9665866279709756,12.611233333333333,Running,13.047183737484955,Nike,1,0-3,43,10,2022
2022-10-26 22:26:26,1.5217588907992943,13.959633333333333,Running,9.173354213821037,Nike,1,0-3,43,10,2022
2022-10-27 22:15:50,5.408567979206682,51.56679999999999,Running,9.53427972029737,Nike,1,3-6,43,10,2022
2022-10-28 21:14:31,1.85997788803048,19.55206666666667,Running,10.511988767441876,Nike,1,0-3,43,10,2022
2022-11-09 23:51:12,5.338524998038951,48.77528333333333,Running,9.136471844048758,Nike,1,3-6,45,11,2022
2022-11-11 20:37:25,7.1351934191939925,89.04706666666667,Running,12.479979369182345,Nike,1,6-10,45,11,2022
2022-11-14 23:48:03,2.3724810963077974,20.723316666666665,Running,8.734871143511988,Nike,1,0-3,46,11,2022
2022-11-15 00:15:35,2.0239791004089978,17.1928,Running,8.494554116949995,Nike,1,0-3,46,11,2022
2022-11-16 23:31:45,0.04299871377870161,0.6076333333333334,Running,14.131430453026947,Nike,1,0-3,46,11,2022
2022-11-16 23:36:45,3.6144884823933663,27.435166666666664,Running,7.590331744120047,Nike,1,3-6,46,11,2022
2022-11-17 00:13:26,0.7232999583841998,8.92355,Running,12.337274316916277,Nike,1,0-3,46,11,2022
2022-11-17 00:24:43,1.7976214820721874,13.539416666666666,Running,7.531850727028061,Nike,1,0-3,46,11,2022
2022-11-17 00:43:19,0.4973251414033717,10.273916666666667,Running,20.65834966170285,Nike,1,0-3,46,11,2022
2022-11-19 22:06:24,9.008555631456694,75.34335,Running,8.363532744018466,Nike,1,6-10,46,11,2022
2022-11-19 23:53:20,1.0463815528804246,11.848966666666666,Running,11.323753399560083,Nike,1,0-3,46,11,2022
2022-11-21 23:07:38,0.9192078893875925,9.035983333333332,Running,9.830184703215952,Nike,1,0-3,47,11,2022
2022-11-21 23:20:39,1.509019687523142,13.797,Running,9.143021866497955,Nike,1,0-3,47,11,2022
2022-11-21 23:47:18,1.983167186533838,31.239733333333334,Running,15.752445656351274,Nike,1,0-3,47,11,2022
2022-11-24 18:08:36,0.9841033500481655,9.717416666666667,Running,9.874386329638103,Nike,1,0-3,47,11,2022
2022-11-24 18:21:55,1.994944392980937,15.518716666666668,Running,7.77902217288267,Nike,1,0-3,47,11,2022
2022-11-24 18:55:58,0.7180507928945388,7.24515,Running,10.090024371108948,Nike,1,0-3,47,11,2022
2022-11-26 22:59:00,9.064151229398973,72.61030000000001,Running,8.010711445821128,Nike,1,6-10,47,11,2022
2022-11-28 22:10:38,0.3772665766110548,3.65075,Running,9.67684450818383,Nike,1,0-3,48,11,2022
2022-11-28 22:15:09,0.7353532413435635,7.649516666666667,Running,10.402506219582632,Nike,1,0-3,48,11,2022
2022-11-28 22:24:45,0.7691263573290209,6.062733333333333,Running,7.882623284927662,Nike,1,0-3,48,11,2022
2022-12-13 22:20:22,3.03618374038024,25.4992,Running,8.398437703512165,Nike,1,3-6,50,12,2022
2022-12-13 23:04:22,0.18291762742674583,1.8841333333333334,Running,10.300447036401039,Nike,1,0-3,50,12,2022
2023-01-23 23:44:39,1.100156171253462,11.773349999999999,Running,10.701526117502066,Nike,1,0-3,4,1,2023
2023-01-23 23:58:11,3.2055808169299334,40.092866666666666,Running,12.507208196068701,Nike,1,3-6,4,1,2023
2023-02-02 22:41:53,2.5424148203967403,24.813283333333334,Running,9.75973044770926,Nike,1,0-3,5,2,2023
2023-02-03 21:44:19,2.4924072761366216,26.3931,Running,10.589400958943942,Nike,1,0-3,5,2,2023
2023-02-10 21:16:39,3.739202575964436,37.71253333333333,Running,10.08571548804261,Nike,1,3-6,6,2,2023
2023-02-12 23:47:38,2.4455036487004675,26.37795,Running,10.786305722347686,Nike,1,0-3,6,2,2023
2023-02-14 23:01:05,2.878652178724086,30.957583333333332,Running,10.754193772397594,Nike,1,0-3,7,2,2023
2023-02-20 00:31:54,3.0611043448851496,29.139166666666664,Running,9.519168046445651,Nike,1,3-6,8,2,2023
2023-02-24 22:38:50,6.024333630593848,54.575583333333334,Running,9.05919005816309,Nike,1,6-10,8,2,2023
2023-02-27 23:40:47,3.57241266166473,38.7168,Running,10.837717718187161,Nike,1,3-6,9,2,2023
2023-02-28 23:26:42,1.7737563870234643,22.344633333333334,Running,12.597351866808385,Nike,1,0-3,9,2,2023
2023-03-02 23:21:11,0.7322153959773811,8.984683333333333,Running,12.270546867346777,Nike,1,0-3,9,3,2023
2023-03-02 23:36:28,3.185677726834408,34.020316666666666,Running,10.679145721520452,Nike,1,3-6,9,3,2023
2023-03-04 00:18:50,1.873378277116779,22.982766666666667,Running,12.268086455042209,Nike,1,0-3,9,3,2023
2023-03-05 22:32:48,3.657419170792593,41.674033333333334,Running,11.394382592548785,Nike,1,3-6,9,3,2023
2023-03-07 23:21:32,0.5771086920973687,6.064233333333333,Running,10.507957021569496,Nike,1,0-3,10,3,2023
2023-03-08 00:02:27,4.62923558705652,49.329233333333335,Running,10.656021368033057,Nike,1,3-6,10,3,2023
2023-03-09 23:48:40,1.9911648946484928,21.005616666666665,Running,10.549410911734087,Nike,1,0-3,10,3,2023
2023-03-11 00:04:36,1.0136020583309606,5.731833333333333,Running,5.654914851664379,Nike,1,0-3,10,3,2023
2023-03-13 22:51:51,3.197245446031243,34.593133333333334,Running,10.819667716244295,Nike,1,3-6,11,3,2023
2023-03-14 22:33:53,3.657314463978033,35.73416666666667,Running,9.770602724655754,Nike,1,3-6,11,3,2023
2023-03-16 22:30:29,3.854413682736376,37.20151666666666,Running,9.651666823747904,Nike,1,3-6,11,3,2023
2023-03-17 22:38:32,4.84023791024342,41.72998333333333,Running,8.621473594308236,Nike,1,3-6,11,3,2023
2023-03-20 22:38:58,3.324841118398706,35.35346666666667,Running,10.633129646716302,Nike,1,3-6,12,3,2023
2023-03-21 22:44:26,3.773021900039618,35.05975,Running,9.292220116621072,Nike,1,3-6,12,3,2023
2023-03-25 20:28:23,1.600505950676156,15.348383333333334,Running,9.589707134077942,Nike,1,0-3,12,3,2023
2023-03-27 22:35:37,4.2474880861195405,39.15976666666666,Running,9.21951183209618,Nike,1,3-6,13,3,2023
2023-03-28 22:45:22,3.3560072371523524,32.37766666666667,Running,9.647674864414133,Nike,1,3-6,13,3,2023
2023-03-30 22:20:44,3.376539591497757,30.22076666666667,Running,8.950218366390136,Nike,1,3-6,13,3,2023
2023-03-31 19:14:14,6.000155773445911,46.46915,Running,7.74465726467508,Nike,1,6-10,13,3,2023
2023-04-04 22:44:50,4.31873140304511,40.20366666666666,Running,9.309138011759499,Nike,1,3-6,14,4,2023
2023-04-10 22:26:14,3.401073795150101,32.61123333333333,Running,9.588510951993056,Nike,1,3-6,15,4,2023
2023-04-12 22:30:55,3.26475764681128,30.588033333333332,Running,9.36915895218408,Nike,1,3-6,15,4,2023
2023-04-15 18:53:38,3.392979044691903,35.030116666666665,Running,10.324295023710514,Nike,1,3-6,15,4,2023
2023-04-17 01:00:44,2.7166317663894,29.4767,Running,10.85045841129093,Nike,1,0-3,16,4,2023
2023-04-18 22:33:04,3.045722234494573,29.350633333333334,Running,9.636674349656829,Nike,1,3-6,16,4,2023
2023-04-21 20:33:49,3.8202659990998002,33.93405,Running,8.882640634970484,Nike,1,3-6,16,4,2023
2023-04-29 21:00:05,4.225225876865395,39.44198333333333,Running,9.334881609357769,Nike,1,3-6,17,4,2023
2023-05-01 22:46:51,3.367468856500957,37.56486666666667,Running,11.155223186146783,Nike,1,3-6,18,5,2023
2023-05-02 22:41:01,3.9544870755827564,39.20275,Running,9.91348542825187,Nike,1,3-6,18,5,2023
2023-05-03 22:27:12,1.1054816725732992,10.154733333333333,Running,9.185799805885086,Nike,1,0-3,18,5,2023
2023-05-05 20:50:50,3.7582563124094093,30.56676666666667,Running,8.133230978881903,Nike,1,3-6,18,5,2023
2023-05-08 02:12:42,2.977120546843599,30.131416666666667,Running,10.120993151793124,Nike,1,0-3,19,5,2023
2023-05-08 22:20:55,4.378936262058008,45.7418,Running,10.445870243953339,Nike,1,3-6,19,5,2023
2023-05-09 22:29:24,3.864809693318453,37.56211666666666,Running,9.719008087669794,Nike,1,3-6,19,5,2023
2023-05-11 22:31:36,2.5368279565999274,23.726283333333335,Running,9.352736464294297,Nike,1,0-3,19,5,2023
2023-05-12 23:50:03,2.0300059092887808,22.3848,Running,11.026962974626308,Nike,1,0-3,19,5,2023
2023-05-13 18:48:09,1.755167269385949,16.779,Running,9.559772616925672,Nike,1,0-3,19,5,2023
2023-05-20 16:10:49,0.7582407567023419,7.3483833333333335,Running,9.691358936298968,Nike,1,0-3,20,5,2023
2023-05-20 16:19:59,1.4320262255922116,11.960983333333333,Running,8.352489025392599,Nike,1,0-3,20,5,2023
2023-05-20 19:04:43,1.7285065747609911,2228.6688,Running,1289.3609041135228,Nike,1,0-3,20,5,2023
2023-05-20 22:43:23,6.315575670015978,58.3391,Running,9.2373368712804,Nike,1,6-10,20,5,2023
2023-05-23 22:19:56,5.508451423589897,57.51533333333334,Running,10.441289014009346,Nike,1,3-6,21,5,2023
2023-05-25 02:49:53,5.197581844951556,43.66995,Running,8.401974476345552,Nike,1,3-6,21,5,2023
2023-05-26 18:23:17,5.2453803712494524,61.63806666666667,Running,11.750924109243282,Nike,1,3-6,21,5,2023
2023-05-27 02:32:01,6.3848264038830225,50.18881666666667,Running,7.860639192342587,Nike,1,6-10,21,5,2023
2023-05-28 02:39:39,3.000844545903927,27.7056,Running,9.232600881580957,Nike,1,3-6,21,5,2023
2023-05-29 20:17:55,2.457015606086606,21.85305,Running,8.894143751413239,Nike,1,0-3,22,5,2023
2023-05-31 22:24:51,7.099787061701041,58.701299999999996,Running,8.2680367016438,Nike,1,6-10,22,5,2023
2023-06-03 18:12:44,13.002906704871233,106.82263333333334,Running,8.215288762574506,Nike,1,10+,22,6,2023
2023-06-06 21:52:55,4.566419718086032,41.912816666666664,Running,9.178485389913739,Nike,1,3-6,23,6,2023
2023-06-08 22:19:14,6.989169656917986,69.07768333333334,Running,9.883532196841037,Nike,1,6-10,23,6,2023
2023-06-11 19:12:37,4.4284226385615675,38.009,Running,8.582965787643525,Nike,1,3-6,23,6,2023
2023-06-13 22:01:53,13.175356242055146,106.79598333333334,Running,8.105737816215196,Nike,1,10+,24,6,2023
2023-06-17 00:08:31,5.189345014301515,44.481433333333335,Running,8.571685484535186,Nike,1,3-6,24,6,2023
2023-06-18 20:01:53,3.6177369430708852,34.08715,Running,9.422230122421619,Nike,1,3-6,24,6,2023
2023-06-19 16:34:57,6.47950213641709,62.079116666666664,Running,9.580846700822908,Nike,1,6-10,25,6,2023
2023-06-20 20:19:25,6.741759232721257,62.58475,Running,9.283148187233344,Nike,1,6-10,25,6,2023
2023-06-24 17:33:28,4.7173012570871675,39.450500000000005,Running,8.362938436617856,Nike,1,3-6,25,6,2023
2023-06-27 01:14:09,3.3373040681559516,32.10075,Running,9.618766928162309,Nike,1,3-6,26,6,2023
2023-06-27 16:38:53,7.20007255946347,65.39736666666667,Running,9.082876058062935,Nike,1,6-10,26,6,2023
2023-06-29 16:54:05,2.6775167210443938,35.6423,Running,13.311700248167766,Nike,1,0-3,26,6,2023
2023-07-04 15:59:58,3.392048538670071,30.304916666666667,Running,8.934104663062513,Nike,1,3-6,27,7,2023
2023-07-10 17:56:46,2.993490307584553,31.759633333333333,Running,10.609566115134736,Nike,1,0-3,28,7,2023
2023-07-17 19:19:05,2.5584558754851194,21.954816666666666,Running,8.581276260042484,Nike,1,0-3,29,7,2023
2023-07-25 13:40:33,7.0941138667769374,56.6984,Running,7.992316033370879,Nike,1,6-10,30,7,2023
2023-08-01 16:26:47,2.418512087020067,20.802733333333332,Running,8.601459320786404,Nike,1,0-3,31,8,2023
2023-08-20 09:12:13,2.0518507359741447,15.427133333333334,Running,7.518643078103382,Nike,1,0-3,33,8,2023
2023-09-12 18:20:42,2.6657193849178267,24.388883333333336,Running,9.149081284144673,Nike,1,0-3,37,9,2023
2023-09-25 13:27:18,4.611412870484265,43.3328,Running,9.39685975145605,Nike,1,3-6,39,9,2023
2023-10-03 14:06:26,0.2940375359046832,3.1549166666666664,Running,10.729639183513568,Nike,1,0-3,40,10,2023
2023-10-03 14:10:03,2.8185156467074335,30.1904,Running,10.711453752356555,Nike,1,0-3,40,10,2023
2023-10-07 17:11:57,3.1561681608774856,21.254450000000002,Running,6.734257782415113,Nike,1,3-6,40,10,2023
2023-11-21 15:26:42,3.973529914857719,47.487566666666666,Running,11.950977514753921,Nike,1,3-6,47,11,2023
2024-05-03 18:53:32,8.476401938016398,99.43091666666666,Running,11.730321119002404,Nike,1,6-10,18,5,2024
2024-07-14 22:07:06,2.4492752153643687,38.81603333333333,Running,15.847967223054118,Nike,1,0-3,28,7,2024
2024-08-07 02:36:39,3.2868993327756364,33.48886666666667,Running,10.18858908538183,Nike,1,3-6,32,8,2024
2024-09-05 17:44:36,1.4979091692429873,14.532816666666667,Running,9.702068032610585,Nike,1,0-3,36,9,2024
2024-09-05 18:00:35,1.10321940652064,11.582666666666666,Running,10.498969287710738,Nike,1,0-3,36,9,2024
2024-09-08 00:38:07,6.007990035616815,61.82021666666667,Running,10.289666976839426,Nike,1,6-10,36,9,2024
2024-09-11 18:27:18,4.261611343549179,49.70756666666667,Running,11.664030963759577,Nike,1,3-6,37,9,2024
2024-09-14 21:07:25,9.038677826881738,89.17190000000001,Running,9.865591152590456,Nike,1,6-10,37,9,2024
2024-09-19 23:35:42,2.590372061925485,31.9283,Running,12.325758322249252,Nike,1,0-3,38,9,2024
2024-10-05 17:06:05,3.1160009614361055,22.991716666666665,Running,7.378597423817938,Nike,1,3-6,40,10,2024
2024-11-17 14:44:04,3.8239822742699316,45.06088333333333,Running,11.783758422869855,Nike,1,3-6,46,11,2024
2024-11-21 00:48:32,3.746414762226261,39.25216666666667,Running,10.477261370639473,Nike,1,3-6,47,11,2024
2025-01-04 23:36:14,3.2321740270350547,35.01468333333333,Running,10.833167719453856,Nike,1,3-6,1,1,2025
2025-01-08 01:11:16,4.073832183930764,50.89476666666667,Running,12.493093571065872,Nike,1,3-6,2,1,2025
2025-01-11 17:02:49,3.1630127719440257,26.701649999999997,Running,8.44184071491714,Nike,1,3-6,2,1,2025
2025-01-25 17:01:35,3.109244081397847,24.06055,Running,7.738392152597718,Nike,1,3-6,4,1,2025
2025-03-08 17:03:31,2.88196767842787,30.906,Running,10.723923183225775,Nike,1,0-3,10,3,2025
2025-03-22 21:29:09,1.7008563483207975,19.448333333333334,Running,11.434436160663461,Nike,1,0-3,12,3,2025
2025-03-29 16:25:25,5.211846950518001,53.78276666666667,Running,10.319329630606525,Nike,1,3-6,13,3,2025
2025-04-05 16:01:42,3.1059524444333717,24.4113,Running,7.859521495170036,Nike,1,3-6,14,4,2025
2025-04-06 11:21:07,1.061022998306898,10.975983333333334,Running,10.344717645939811,Nike,1,0-3,14,4,2025
2025-04-07 13:27:11,1.0870327212145103,10.348916666666666,Running,9.52033592429869,Nike,1,0-3,15,4,2025
2025-04-08 13:21:50,1.1067730580041832,10.938233333333333,Running,9.882995664041534,Nike,1,0-3,15,4,2025
2025-04-09 13:29:20,1.0689331064493601,10.385700000000002,Running,9.715949424092438,Nike,1,0-3,15,4,2025
2025-04-10 16:09:57,1.065726730212692,10.464816666666668,Running,9.81941840248124,Nike,1,0-3,15,4,2025
2025-04-11 17:38:49,1.0704031794606814,9.4238,Running,8.803972354368515,Nike,1,0-3,15,4,2025
2025-04-11 17:49:41,3.640009047187046,33.36666666666667,Running,9.166643883056285,Nike,1,3-6,15,4,2025
2025-04-12 17:56:52,1.0671450859662046,9.183366666666666,Running,8.60554650668887,Nike,1,0-3,15,4,2025
2025-04-13 11:54:05,9.237125919499915,89.0241,Running,9.637640622833432,Nike,1,6-10,15,4,2025
2025-04-13 13:27:42,1.0429530520054666,12.421416666666666,Running,11.909852167153502,Nike,1,0-3,15,4,2025
2025-04-19 14:41:52,1.0515391339133335,10.838216666666666,Running,10.307002675527563,Nike,1,0-3,16,4,2025
2025-04-20 12:29:50,1.0647788908020055,10.437483333333335,Running,9.802488970711735,Nike,1,0-3,16,4,2025
2025-04-22 15:31:10,1.0567558769011651,10.140483333333332,Running,9.595861783205146,Nike,1,0-3,17,4,2025
2025-04-24 15:55:19,1.0568127370946958,9.540866666666666,Running,9.027963357913007,Nike,1,0-3,17,4,2025
2025-04-26 16:03:50,3.1068211105644226,24.90595,Running,8.0165381634977,Nike,1,3-6,17,4,2025
2025-04-27 14:50:59,1.0503204386881269,10.3862,Running,9.888601247227552,Nike,1,0-3,17,4,2025
2025-04-28 16:27:41,1.049939510200001,10.665033333333334,Running,10.157759784943964,Nike,1,0-3,18,4,2025
2025-04-30 13:35:02,1.0639803996356232,11.53215,Running,10.838686505831655,Nike,1,0-3,18,4,2025
2025-05-01 14:22:31,1.0655799989046586,11.038416666666667,Running,10.359068937117236,Nike,1,0-3,18,5,2025
2025-05-04 12:11:08,7.8971088439441255,81.34748333333333,Running,10.30091960752376,Nike,1,6-10,18,5,2025
2025-05-08 16:20:51,1.0463374769940175,10.358849999999999,Running,9.900104151635224,Nike,1,0-3,19,5,2025
2025-05-09 15:10:11,1.0555554046175093,10.77295,Running,10.20595409096852,Nike,1,0-3,19,5,2025
2025-05-10 15:20:54,1.0756793101602156,11.414433333333333,Running,10.61137201907623,Nike,1,0-3,19,5,2025
2025-05-11 12:18:12,6.338671564460953,58.583783333333336,Running,9.242280931827292,Nike,1,6-10,19,5,2025
2025-05-11 13:21:49,0.5612056855660336,7.9450666666666665,Running,14.157138587527408,Nike,1,0-3,19,5,2025
2025-05-14 03:13:59,4.061443756318679,47.69408333333333,Running,11.74313524818169,Nike,1,3-6,20,5,2025
2025-05-20 01:58:52,7.77891529264827,80.19291666666666,Running,10.309010144699188,Nike,1,6-10,21,5,2025
2025-05-20 03:24:36,0.761615726120662,10.652516666666665,Running,13.98673412499757,Nike,1,0-3,21,5,2025
2025-05-26 01:25:32,9.851297618659277,106.43591666666666,Running,10.804253488907603,Nike,1,6-10,22,5,2025
2025-06-14 04:14:48,5.137549413031508,49.244233333333334,Running,9.585160039224975,Nike,1,3-6,24,6,2025
2025-06-14 20:29:09,8.006224706496905,82.64976666666666,Running,10.323188481032501,Nike,1,6-10,24,6,2025
2025-06-16 05:03:31,2.8464119704189734,33.2731,Running,11.689488501941064,Nike,1,0-3,25,6,2025
2025-06-19 00:08:50,3.0783515462102224,32.17281666666666,Running,10.451313368115741,Nike,1,3-6,25,6,2025
2025-06-19 22:42:45,3.2793228664371883,62.66498333333333,Running,19.109122793211128,Nike,1,3-6,25,6,2025
2025-06-21 01:12:46,2.6798613115401775,33.165866666666666,Running,12.375963832100508,Nike,1,0-3,25,6,2025
2025-06-21 16:02:46,1.887823160094351,19.6567,Running,10.412362987970539,Nike,1,0-3,25,6,2025
2025-06-21 18:01:39,8.033337552402596,73.46623333333334,Running,9.145169470858496,Nike,1,6-10,25,6,2025
2025-06-23 22:38:52,1.0775196474926036,11.589983333333333,Running,10.756168910983027,Nike,1,0-3,26,6,2025
2025-06-26 00:46:46,2.145782251358725,19.13086666666667,Running,8.915567576604227,Nike,1,0-3,26,6,2025
2025-06-26 23:14:55,4.489313155167075,47.6291,Running,10.609440320548863,Nike,1,3-6,26,6,2025
2025-06-28 03:55:19,2.466925306825528,27.375716666666666,Running,11.097099936882199,Nike,1,0-3,26,6,2025
2025-06-30 02:44:21,10.00380659564314,100.68668333333333,Running,10.064837056844384,Nike,1,10+,27,6,2025
2025-07-03 04:24:55,4.07225049788264,36.54845,Running,8.9750004374739,Nike,1,3-6,27,7,2025
2025-07-03 05:05:46,0.3040317138734923,3.915966666666667,Running,12.880125618395526,Nike,1,0-3,27,7,2025
2025-07-04 23:02:47,2.009901931455731,31.360583333333334,Running,15.60304154273811,Nike,1,0-3,27,7,2025
2025-07-09 03:28:25,5.872034251332198,55.638850000000005,Running,9.475225725629432,Nike,1,3-6,28,7,2025
2025-07-12 16:05:01,1.9559155203602832,21.76738333333333,Running,11.128999748068741,Nike,1,0-3,28,7,2025
2025-07-14 03:24:13,3.1928844098178506,34.28426666666667,Running,10.73770994065599,Nike,1,3-6,29,7,2025
2025-07-15 03:19:13,6.380597761958987,56.94418333333333,Running,8.924584413208674,Nike,1,6-10,29,7,2025
2025-07-19 15:59:09,1.9041023214928097,18.715483333333335,Running,9.829032359280179,Nike,1,0-3,29,7,2025
2025-07-22 00:02:44,13.004715599363239,140.0864,Running,10.771969515954595,Nike,1,10+,30,7,2025
2025-07-22 02:54:22,0.8376984746609994,12.390383333333334,Running,14.790982326125741,Nike,1,0-3,30,7,2025
2025-07-24 02:01:31,2.704303029625231,29.953333333333333,Running,11.076174898004806,Nike,1,0-3,30,7,2025
2025-07-26 00:35:04,4.859362554712755,45.931666666666665,Running,9.452199984979668,Nike,1,3-6,30,7,2025
2025-07-30 23:10:37,3.9356332701589944,32.641600000000004,Running,8.293862196840644,Nike,1,3-6,31,7,2025
2025-07-30 23:50:31,0.8495258617274912,10.274733333333334,Running,12.094668092198983,Nike,1,0-3,31,7,2025
2025-08-01 23:56:10,2.68277739259437,50.36106666666667,Running,18.771988613622984,Nike,1,0-3,31,8,2025
2025-08-02 16:02:29,1.9036883943187712,16.62835,Running,8.734806625719017,Nike,1,0-3,31,8,2025
2025-08-04 02:08:38,13.489047205623345,119.10561666666668,Running,8.82980204984483,Nike,1,10+,32,8,2025
2025-08-07 23:36:46,1.7438831145573968,18.397316666666665,Running,10.549627158547242,Nike,1,0-3,32,8,2025
2025-08-13 00:03:32,4.406798718552436,42.23583333333333,Running,9.58424380844132,Nike,1,3-6,33,8,2025
2025-08-13 01:00:35,2.4684745281839153,33.959666666666664,Running,13.75734943947393,Nike,1,0-3,33,8,2025
2025-08-16 16:02:24,1.9973069729778237,18.14675,Running,9.085608895133761,Nike,1,0-3,33,8,2025
2025-08-18 02:57:05,4.222044726972271,39.993399999999994,Running,9.472519261699109,Nike,1,3-6,34,8,2025
2025-08-19 22:25:39,8.053023235688967,80.93103333333333,Running,10.04977024959613,Nike,1,6-10,34,8,2025
2025-08-21 13:10:56,4.85233240349567,47.470166666666664,Running,9.78295852783471,Nike,1,3-6,34,8,2025
2025-08-24 13:13:36,2.0175017897954337,14.474933333333333,Running,7.174681780481112,Nike,1,0-3,34,8,2025
2025-08-29 23:06:23,3.1211062983745768,41.00428333333333,Running,13.137740087445186,Nike,1,3-6,35,8,2025
2025-09-06 02:05:26,2.711136698452004,31.376199999999997,Running,11.573079298404643,Nike,1,0-3,36,9,2025
2025-09-06 16:01:21,1.9158768977251819,19.960483333333332,Running,10.41845817809768,Nike,1,0-3,36,9,2025
2025-09-09 00:19:48,1.280475445466953,13.414250000000001,Running,10.475991591629628,Nike,1,0-3,37,9,2025
2025-09-10 23:48:46,1.0656608710938076,10.479366666666666,Running,9.833678753645625,Nike,1,0-3,37,9,2025
2025-09-13 01:26:46,6.264815633692958,70.22396666666667,Running,11.209263092914249,Nike,1,6-10,37,9,2025
2025-09-22 23:14:57,4.62673216034314,50.75391666666667,Running,10.969711430821732,Nike,1,3-6,39,9,2025
2025-09-29 22:00:37,4.721776502064704,61.69656666666666,Running,13.066388601766398,Nike,1,3-6,40,9,2025
2025-10-01 00:13:40,8.166483889611753,97.53271666666666,Running,11.943048928405284,Nike,1,6-10,40,10,2025
2025-10-01 23:38:42,1.0731098605529579,10.788366666666667,Running,10.053366447595197,Nike,1,0-3,40,10,2025
2025-10-02 22:34:23,3.470006664173388,59.19996666666667,Running,17.060476361006952,Nike,1,3-6,40,10,2025
2025-10-03 23:22:25,4.939324317152969,65.02628333333334,Running,13.165015932951443,Nike,1,3-6,40,10,2025
2025-10-05 15:57:56,0.9121764368734252,14.453866666666666,Running,15.845472523066613,Nike,1,0-3,40,10,2025
2025-10-05 16:19:13,3.2034431292553025,24.531466666666667,Running,7.657843662849555,Nike,1,3-6,40,10,2025
2025-10-05 17:12:55,1.5297767111411755,16.79938333333333,Running,10.981591764984714,Nike,1,0-3,40,10,2025
2025-10-06 23:59:27,2.354887031002738,30.10455,Running,12.783861647571747,Nike,1,0-3,41,10,2025
2025-10-07 23:26:17,2.813244892575834,39.9313,Running,14.194036255207955,Nike,1,0-3,41,10,2025
2025-10-09 05:01:43,1.048776076230203,11.823716666666666,Running,11.273823778634133,Nike,1,0-3,41,10,2025
2025-10-10 06:02:39,2.5802493339984838,28.299116666666666,Running,10.967589951011803,Nike,1,0-3,41,10,2025
2025-10-11 16:05:41,1.8976993743569333,20.90041666666667,Running,11.01355512316018,Nike,1,0-3,41,10,2025
2025-10-15 01:43:31,6.211855988831083,66.71828333333333,Running,10.740474900463374,Nike,1,6-10,42,10,2025
2025-10-15 22:24:41,7.000157611864029,77.70004999999999,Running,11.09975722093916,Nike,1,6-10,42,10,2025
2025-10-17 22:23:29,4.553981247382017,71.62195,Running,15.727326510440477,Nike,1,3-6,42,10,2025
2025-10-18 16:03:55,1.980757248697372,22.395300000000002,Running,11.306433443435878,Nike,1,0-3,42,10,2025
2025-10-18 20:43:44,12.656858633140086,115.27541666666666,Running,9.107743082855905,Nike,1,10+,42,10,2025
2025-10-18 22:48:04,0.5287605602747,10.094183333333332,Running,19.09027278450805,Nike,1,0-3,42,10,2025
2025-10-20 23:42:58,8.261783087033637,92.66916666666665,Running,11.216606111591727,Nike,1,6-10,43,10,2025
2025-10-22 00:00:52,3.6958329188912167,49.00306666666667,Running,13.259004869020982,Nike,1,3-6,43,10,2025
2025-10-22 22:30:13,5.432652780935718,63.094516666666664,Running,11.613942434914696,Nike,1,3-6,43,10,2025
2025-10-24 23:27:11,3.6920937670080685,47.93513333333333,Running,12.983184165492668,Nike,1,3-6,43,10,2025
2025-10-25 16:04:37,1.8906802389721231,21.67663333333333,Running,11.464991745572975,Nike,1,0-3,43,10,2025
2025-10-26 16:29:43,1.0254002062606429,11.457416666666667,Running,11.173604800069981,Nike,1,0-3,43,10,2025
2025-10-26 16:59:33,3.126067302708349,23.15898333333333,Running,7.4083444439180655,Nike,1,3-6,43,10,2025
2025-10-27 23:20:00,14.159717065277029,161.74476666666666,Running,11.422881256808658,Nike,1,10+,44,10,2025
2025-10-29 01:36:21,1.9402081143063161,32.70623333333334,Running,16.85707481180534,Nike,1,0-3,44,10,2025
2025-10-29 19:58:26,9.043426100359827,92.45781666666667,Running,10.223759849487562,Nike,1,6-10,44,10,2025
2025-10-31 23:25:47,4.346672001103056,62.015033333333335,Running,14.26724476049625,Nike,1,3-6,44,10,2025
2025-11-02 00:20:19,4.023325199740515,131.02115,Running,32.56538894953116,Nike,1,3-6,44,11,2025
2025-11-03 04:09:19,16.700065421811757,162.98149999999998,Running,9.759333025554007,Nike,1,10+,45,11,2025
2025-11-04 00:39:23,4.403926655931035,50.24633333333334,Running,11.409439179842733,Nike,1,3-6,45,11,2025
2025-11-05 05:37:34,6.521800964540777,75.44068333333333,Running,11.567461770683671,Nike,1,6-10,45,11,2025
2025-11-07 06:36:56,1.6754784587545732,19.274800000000003,Running,11.504057183956554,Nike,1,0-3,45,11,2025
2025-11-08 01:29:52,20.000702172804804,186.82351666666668,Running,9.340847888865266,Nike,1,10+,45,11,2025
2025-11-08 05:10:28,1.1291491384413286,25.17195,Running,22.2928479002758,Nike,1,0-3,45,11,2025
2025-11-08 17:02:32,1.896522507525342,22.195766666666668,Running,11.70340271660081,Nike,1,0-3,45,11,2025
2025-11-10 05:25:09,3.054010946923647,55.95565,Running,18.322020114683937,Nike,1,3-6,46,11,2025
2025-11-13 06:00:05,5.061126301046723,63.01911666666667,Running,12.45159929196655,Nike,1,3-6,46,11,2025
2025-11-15 06:10:32,9.114659335945378,90.58533333333334,Running,9.938422270604562,Nike,1,6-10,46,11,2025
2025-11-15 17:07:47,1.889197894624287,19.302666666666667,Running,10.217387348139868,Nike,1,0-3,46,11,2025
2025-11-15 23:50:19,0.15448761263714497,1.4677,Running,9.50043809303521,Nike,1,0-3,46,11,2025
2025-11-17 23:14:53,11.384585414212136,112.09883333333333,Running,9.846545065522799,Nike,1,10+,47,11,2025
2025-11-20 05:07:49,7.392775366060191,77.06271666666666,Running,10.4240576577583,Nike,1,6-10,47,11,2025
2025-11-22 01:44:23,5.16484708046848,61.900416666666665,Running,11.984946640676137,Nike,1,3-6,47,11,2025
2025-11-22 17:04:38,3.06,21.233333333333334,Running,6.938997821350763,Strava,1,3-6,47,11,2025
2025-11-25 02:36:21,16.09,100.76666666666667,Running,6.2626890408120985,Strava,1,10+,48,11,2025
2025-11-27 06:21:13,4.63,41.95,Running,9.060475161987043,Strava,1,3-6,48,11,2025
2025-11-29 08:58:25,4.08,27.85,Running,6.825980392156863,Strava,1,3-6,48,11,2025
2025-11-30 14:31:56,3.25,27.116666666666667,Running,8.343589743589744,Strava,1,3-6,48,11,2025
2025-11-30 15:30:20,42.16,219.15,Running,5.198055028462998,Strava,1,10+,48,11,2025
2025-12-06 01:27:46,2.71,28.1,Running,10.369003690036902,Strava,1,0-3,49,12,2025
2025-12-06 17:06:22,3.04,19.75,Running,6.496710526315789,Strava,1,3-6,49,12,2025
2025-12-11 05:53:38,4.34,27.55,Running,6.347926267281107,Strava,1,3-6,50,12,2025
2025-12-11 06:18:13,2.7000067108255563,27.5,Running,10.185159870062536,Nike,1,0-3,50,12,2025
2025-12-11 23:40:32,7.66,57.233333333333334,Running,7.471714534377719,Strava,1,6-10,50,12,2025
2025-12-17 04:48:23,5.88,42.93333333333333,Running,7.301587301587301,Strava,1,3-6,51,12,2025
2025-12-20 08:10:42,7.69,44.733333333333334,Running,5.817078456870394,Strava,1,6-10,51,12,2025
2025-12-23 02:40:55,7.81,49.28333333333333,Running,6.310285958173282,Strava,1,6-10,52,12,2025
2025-12-24 00:43:05,1.58,12.033333333333333,Running,7.616033755274262,Strava,1,0-3,52,12,2025
2025-12-24 00:57:20,5.8,42.233333333333334,Running,7.281609195402299,Strava,1,3-6,52,12,2025
2025-12-27 17:05:35,3.04,20.85,Running,6.858552631578948,Strava,1,3-6,52,12,2025
2025-12-27 19:53:00,5.92,38.13333333333333,Running,6.441441441441442,Strava,1,3-6,52,12,2025
2025-12-31 02:14:33,10.55,66.38333333333334,Running,6.292259083728278,Strava,1,10+,1,12,2025
2026-01-01 00:48:51,6.49,52.0,Running,8.012326656394453,Strava,1,6-10,1,1,2026
2026-01-01 18:20:31,4.88,41.96666666666667,Running,8.599726775956285,Strava,1,3-6,1,1,2026
2026-01-03 17:06:48,3.05,25.3,Running,8.295081967213115,Strava,1,3-6,1,1,2026
2026-01-05 04:37:51,11.57,69.45,Running,6.002592912705272,Strava,1,10+,2,1,2026
2026-01-06 02:42:26,9.84,64.35,Running,6.539634146341463,Strava,1,6-10,2,1,2026
2026-01-10 17:07:50,3.1,19.783333333333335,Running,6.381720430107527,Strava,1,3-6,2,1,2026
2026-01-11 21:35:40,13.37,80.43333333333334,Running,6.0159561206681635,Strava,1,10+,2,1,2026
2026-01-12 22:28:59,5.92,46.016666666666666,Running,7.773085585585585,Strava,1,3-6,3,1,2026
2026-01-13 02:32:20,5.47,44.96666666666667,Running,8.220597196831202,Strava,1,3-6,3,1,2026
2026-01-15 01:30:17,8.62,57.083333333333336,Running,6.622196442382058,Strava,1,6-10,3,1,2026
2026-01-16 23:01:59,7.37,46.21666666666667,Running,6.270918136589779,Strava,1,6-10,3,1,2026
2026-01-17 17:17:39,5.35,41.983333333333334,Running,7.847352024922119,Strava,1,3-6,3,1,2026
2026-01-17 18:03:49,5.47,41.03333333333333,Running,7.501523461304083,Strava,1,3-6,3,1,2026
2026-01-20 22:11:28,13.32,75.43333333333334,Running,5.663163163163163,Strava,1,10+,4,1,2026
2026-01-22 02:23:48,4.78,42.86666666666667,Running,8.96792189679219,Strava,1,3-6,4,1,2026
2026-01-22 22:39:12,7.64,58.21666666666667,Running,7.61998254799302,Strava,1,6-10,4,1,2026
2026-01-24 18:11:28,8.17,55.88333333333333,Running,6.8400652794777645,Strava,1,6-10,4,1,2026
2026-01-25 17:05:41,21.1,117.03333333333333,Running,5.546603475513428,Strava,1,10+,4,1,2026
2026-01-27 22:58:36,6.86,45.766666666666666,Running,6.671525753158406,Strava,1,6-10,5,1,2026
2026-01-29 23:52:37,7.82,48.45,Running,6.195652173913044,Strava,1,6-10,5,1,2026
2026-01-30 22:19:06,5.61,39.8,Running,7.094474153297682,Strava,1,3-6,5,1,2026
2026-01-31 17:04:26,3.08,19.65,Running,6.379870129870129,Strava,1,3-6,5,1,2026
2026-02-02 04:43:41,13.14,83.66666666666667,Running,6.367326230339929,Strava,1,10+,6,2,2026
2026-02-04 02:27:10,9.21,53.95,Running,5.857763300760043,Strava,1,6-10,6,2,2026
2026-02-04 23:10:59,5.06,33.86666666666667,Running,6.693017127799737,Strava,1,3-6,6,2,2026
2026-02-05 23:55:24,6.08,45.46666666666667,Running,7.478070175438597,Strava,1,6-10,6,2,2026
2026-02-06 22:55:34,7.04,44.483333333333334,Running,6.318655303030303,Strava,1,6-10,6,2,2026
2026-02-07 17:04:04,3.1,19.833333333333332,Running,6.397849462365591,Strava,1,3-6,6,2,2026
2026-02-09 23:38:02,7.72,48.03333333333333,Running,6.221934369602764,Strava,1,6-10,7,2,2026
2026-02-10 03:09:06,3.7,32.733333333333334,Running,8.846846846846846,Strava,1,3-6,7,2,2026
2026-02-11 00:16:10,7.38,50.88333333333333,Running,6.894760614272809,Strava,1,6-10,7,2,2026
2026-02-12 22:44:12,7.13,44.88333333333333,Running,6.294997662459093,Strava,1,6-10,7,2,2026
2026-02-13 22:20:55,7.38,45.86666666666667,Running,6.214995483288166,Strava,1,6-10,7,2,2026
2026-02-14 17:36:08,22.53,138.9,Running,6.165113182423435,Strava,1,10+,7,2,2026
2026-02-18 01:04:20,5.63,41.13333333333333,Running,7.306098283007697,Strava,1,3-6,8,2,2026
2026-02-18 23:15:32,7.34,62.766666666666666,Running,8.551316984559492,Strava,1,6-10,8,2,2026
2026-02-20 06:45:47,5.92,36.68333333333333,Running,6.1965090090090085,Strava,1,3-6,8,2,2026
2026-02-21 06:02:08,7.57,43.666666666666664,Running,5.768383971818581,Strava,1,6-10,8,2,2026
2026-02-21 17:08:30,3.08,19.833333333333332,Running,6.439393939393939,Strava,1,3-6,8,2,2026
2026-02-23 03:50:11,11.79,69.38333333333334,Running,5.884930732258978,Strava,1,10+,9,2,2026
2026-02-23 23:59:12,7.83,44.11666666666667,Running,5.634312473392933,Strava,1,6-10,9,2,2026
2026-02-24 23:46:41,4.99,36.05,Running,7.2244488977955905,Strava,1,3-6,9,2,2026
2026-02-26 22:38:20,8.06,57.266666666666666,Running,7.105045492142266,Strava,1,6-10,9,2,2026
2026-03-01 00:52:12,2.61,16.533333333333335,Running,6.334610472541508,Strava,1,0-3,9,3,2026
2026-03-01 14:25:17,2.04,13.15,Running,6.446078431372549,Strava,1,0-3,9,3,2026
2026-03-01 15:02:56,4.66,20.033333333333335,Running,4.298998569384835,Strava,1,3-6,9,3,2026
2026-03-02 23:43:55,6.95,45.36666666666667,Running,6.52757793764988,Strava,1,6-10,10,3,2026
2026-03-03 19:56:39,2.92,17.066666666666666,Running,5.844748858447488,Strava,1,0-3,10,3,2026
2026-03-04 05:51:47,6.5,44.016666666666666,Running,6.771794871794872,Strava,1,6-10,10,3,2026
2026-03-05 05:59:28,8.85,51.03333333333333,Running,5.766478342749529,Strava,1,6-10,10,3,2026
2026-03-06 00:46:56,4.004332650418155,37.10366666666666,Running,9.265880211723193,Nike,1,3-6,10,3,2026
2026-03-10 04:01:27,4.1236744652442345,40.30878333333333,Running,9.774967367834149,Nike,1,3-6,11,3,2026
