file_path,activity_id,sport,start_time_utc,total_time_s,distance_m,calories,avg_hr_bpm,max_hr_bpm,avg_cadence_rpm
C:\Users\12063\Downloads\sqlite\strava_nike_performance_analysis\data\raw\tcx\00fa2a98-66c6-4412-8883-7569365c93ee.tcx,2025-11-05T05:37:34.728Z,Running,2025-11-05T05:37:34.728000Z,4526.441,10495.795164274054,418,,,144
C:\Users\12063\Downloads\sqlite\strava_nike_performance_analysis\data\raw\tcx\028a0abc-594b-4370-b62e-63fb6ee649dc.tcx,2023-03-14T22:33:53.143Z,Running,2023-03-14T22:33:53.143000Z,2144.05,5885.862459458407,314,156,180,177
C:\Users\12063\Downloads\sqlite\strava_nike_performance_analysis\data\raw\tcx\05953318-92c4-459a-b4a7-747679bf53b5.tcx,2023-03-09T23:48:40.713Z,Running,2023-03-09T23:48:40.713000Z,1260.337,3204.4613115536054,164,167,179,171
C:\Users\12063\Downloads\sqlite\strava_nike_performance_analysis\data\raw\tcx\097197ae-750a-461e-8d5f-7bf834644ef4.tcx,2025-12-11T23:40:32.407Z,Running,2025-12-11T23:40:32.407000Z,2944.782,7660.671617100016,313,,,156
C:\Users\12063\Downloads\sqlite\strava_nike_performance_analysis\data\raw\tcx\09ac87a6-cf81-495d-83da-eede75c64122.tcx,2025-04-13T13:27:42.524Z,Running,2025-04-13T13:27:42.524000Z,745.285,1678.4660647144776,64,,,146
C:\Users\12063\Downloads\sqlite\strava_nike_performance_analysis\data\raw\tcx\0aec99b7-e0cf-441e-b128-b91661677d6e.tcx,2025-01-11T17:02:49.926Z,Running,2025-01-11T17:02:49.926000Z,1602.099,5090.362974400398,211,,,169
C:\Users\12063\Downloads\sqlite\strava_nike_performance_analysis\data\raw\tcx\0b0f60b3-57ba-4a5e-8787-c59304999612.tcx,2025-04-07T13:27:11.631Z,Running,2025-04-07T13:27:11.631000Z,620.935,1749.40523955936,71,,,156
C:\Users\12063\Downloads\sqlite\strava_nike_performance_analysis\data\raw\tcx\0c1bb8db-1df0-4930-b3fd-1f012cf7ffff.tcx,2022-11-17T00:24:43.897Z,Running,2022-11-17T00:24:43.897000Z,812.365,2892.984155958054,160,152,183,186
C:\Users\12063\Downloads\sqlite\strava_nike_performance_analysis\data\raw\tcx\0e01d762-5924-4418-be97-3e0abfd4c1d8.tcx,2023-05-20T16:10:49.685Z,Running,2023-05-20T16:10:49.685000Z,440.903,1220.2671793913469,58,126,149,162
C:\Users\12063\Downloads\sqlite\strava_nike_performance_analysis\data\raw\tcx\0e119060-8d99-4218-952d-8533446c26d7.tcx,2025-10-15T22:24:41.112Z,Running,2025-10-15T22:24:41.112000Z,4662.003,11265.633651077256,449,,,148
C:\Users\12063\Downloads\sqlite\strava_nike_performance_analysis\data\raw\tcx\0fe17327-681a-4178-9b50-8eb71fa5b314.tcx,2025-11-27T06:21:13.674Z,Running,2025-11-27T06:21:13.674000Z,1787.509,4639.008171710645,193,,,149
C:\Users\12063\Downloads\sqlite\strava_nike_performance_analysis\data\raw\tcx\10c9496d-53f4-4694-8141-3bbd255649be.tcx,2025-10-22T22:30:13.937Z,Running,2025-10-22T22:30:13.937000Z,3785.671,8742.985426471088,345,,,158
C:\Users\12063\Downloads\sqlite\strava_nike_performance_analysis\data\raw\tcx\115d2008-3127-45cd-b1b7-bd65c6883cbf.tcx,2025-11-15T17:07:47.448Z,Running,2025-11-15T17:07:47.448000Z,1158.16,3040.36173973465,123,,,161
C:\Users\12063\Downloads\sqlite\strava_nike_performance_analysis\data\raw\tcx\11707c04-0778-4ae2-b5d0-f9d3d9d44680.tcx,2023-05-26T18:23:17.251Z,Running,2023-05-26T18:23:17.251000Z,3698.284,8441.600446666593,496,156,193,142
C:\Users\12063\Downloads\sqlite\strava_nike_performance_analysis\data\raw\tcx\1191dac6-cd6f-47ae-97ce-b1ecef915188.tcx,2023-07-25T13:40:33.374Z,Running,2023-07-25T13:40:33.374000Z,3401.904,11416.841210358796,633,165,193,170
C:\Users\12063\Downloads\sqlite\strava_nike_performance_analysis\data\raw\tcx\11fec1a9-a023-4e40-bd0d-d6728503fd80.tcx,2022-11-16T23:31:45.941Z,Running,2022-11-16T23:31:45.941000Z,36.458,69.19955003261565,2,156,159,142
C:\Users\12063\Downloads\sqlite\strava_nike_performance_analysis\data\raw\tcx\12160628-74cd-4433-8061-2502c01897d6.tcx,2026-02-14T17:36:08.259Z,Running,2026-02-14T17:36:08.259000Z,7919.361,22534.96555557568,924,,,157
C:\Users\12063\Downloads\sqlite\strava_nike_performance_analysis\data\raw\tcx\128423fc-717e-4528-97b3-5efc036e55b5.tcx,2025-06-23T22:38:52.436Z,Running,2025-06-23T22:38:52.436000Z,695.399,1734.0954694957468,69,,,164
C:\Users\12063\Downloads\sqlite\strava_nike_performance_analysis\data\raw\tcx\12c9251d-6732-4d14-bd70-b9886c98206c.tcx,2025-09-10T23:48:46.885Z,Running,2025-09-10T23:48:46.885000Z,628.762,1715.010666286108,69,,,153
C:\Users\12063\Downloads\sqlite\strava_nike_performance_analysis\data\raw\tcx\16548713-a9eb-4587-befc-355346d24f34.tcx,2024-05-03T18:53:32.148Z,Running,2024-05-03T18:53:32.148000Z,5965.855,13641.412694927309,830,178,202,148
C:\Users\12063\Downloads\sqlite\strava_nike_performance_analysis\data\raw\tcx\19dbc639-37b1-4cae-8ae4-5d04caea031f.tcx,2026-02-02T04:43:41.284Z,Running,2026-02-02T04:43:41.284000Z,4787.597,13139.148181554878,538,,,162
C:\Users\12063\Downloads\sqlite\strava_nike_performance_analysis\data\raw\tcx\1a7405f0-9f50-4822-9946-46c620b46848.tcx,2025-10-24T23:27:11.729Z,Running,2025-10-24T23:27:11.729000Z,2876.108,5941.834182996765,231,,,142
C:\Users\12063\Downloads\sqlite\strava_nike_performance_analysis\data\raw\tcx\1bcc2372-ecac-4a47-bf8b-069ab0ebb1f5.tcx,2022-11-21T23:07:38.420Z,Running,2022-11-21T23:07:38.420000Z,542.159,1479.318024707028,90,139,181,174
C:\Users\12063\Downloads\sqlite\strava_nike_performance_analysis\data\raw\tcx\1e5b7489-676d-40a0-b66c-22bc1493fcce.tcx,2025-09-06T02:05:26.727Z,Running,2025-09-06T02:05:26.727000Z,1882.572,4363.140734286748,174,,,147
C:\Users\12063\Downloads\sqlite\strava_nike_performance_analysis\data\raw\tcx\1ef0b76a-7a0d-4278-aae3-7bf4fe7bca9f.tcx,2024-11-21T00:48:32.605Z,Running,2024-11-21T00:48:32.605000Z,2355.13,6029.25513344121,237,178,194,150
C:\Users\12063\Downloads\sqlite\strava_nike_performance_analysis\data\raw\tcx\1f2e17d2-5952-403d-97e0-8edb72abe376.tcx,2026-01-12T22:28:59.349Z,Running,2026-01-12T22:28:59.349000Z,2538.377,5927.888831246639,232,,,132
C:\Users\12063\Downloads\sqlite\strava_nike_performance_analysis\data\raw\tcx\209ee95d-c15e-4ab4-b71b-08aedd8d03f9.tcx,2022-11-16T23:36:45.607Z,Running,2022-11-16T23:36:45.607000Z,1646.11,5816.94089425494,297,173,190,180
C:\Users\12063\Downloads\sqlite\strava_nike_performance_analysis\data\raw\tcx\210f8ec1-5d6b-457e-9b62-f5854fa121d7.tcx,2026-01-29T23:52:37.068Z,Running,2026-01-29T23:52:37.068000Z,2899.565,7821.959794736926,316,,,152
C:\Users\12063\Downloads\sqlite\strava_nike_performance_analysis\data\raw\tcx\23eb4147-6fad-4130-8552-bdc2d39aa2ad.tcx,2025-05-01T14:22:31.164Z,Running,2025-05-01T14:22:31.164000Z,662.305,1714.8805154372233,68,,,154
C:\Users\12063\Downloads\sqlite\strava_nike_performance_analysis\data\raw\tcx\24a9641d-de83-476a-b677-6a9dbf36450c.tcx,2023-10-03T14:10:03.254Z,Running,2023-10-03T14:10:03.254000Z,1811.424,4535.9499708721405,183,147,164,155
C:\Users\12063\Downloads\sqlite\strava_nike_performance_analysis\data\raw\tcx\24fcd426-54c9-4f9a-96b6-951dfe34e462.tcx,2024-09-08T00:38:07.425Z,Running,2024-09-08T00:38:07.425000Z,3709.213,9668.898683919564,388,,,159
C:\Users\12063\Downloads\sqlite\strava_nike_performance_analysis\data\raw\tcx\26296889-1846-4018-9385-5736c353302e.tcx,2025-11-22T17:04:38.390Z,Running,2025-11-22T17:04:38.390000Z,1274.568,3062.2399034500136,121,,,159
C:\Users\12063\Downloads\sqlite\strava_nike_performance_analysis\data\raw\tcx\262d6d95-d2af-47b9-a212-c7a5f015be49.tcx,2025-10-10T06:02:39.592Z,Running,2025-10-10T06:02:39.592000Z,1697.947,4152.498463177119,165,,,158
C:\Users\12063\Downloads\sqlite\strava_nike_performance_analysis\data\raw\tcx\2807ff26-06f7-4a0e-ac99-b47b254ad4f8.tcx,2023-05-20T19:04:43.384Z,Running,2023-05-20T19:04:43.384000Z,133720.128,2781.754771025853,146,91,170,1
C:\Users\12063\Downloads\sqlite\strava_nike_performance_analysis\data\raw\tcx\2824b5e5-dc10-47ab-847e-020c10f618d0.tcx,2025-11-30T15:30:20.902Z,Running,2025-11-30T15:30:20.902000Z,13123.335,42167.2038052589,1752,,,169
C:\Users\12063\Downloads\sqlite\strava_nike_performance_analysis\data\raw\tcx\2937b517-4a1f-42a3-b463-12bf29ae32a1.tcx,2023-06-18T20:01:53.698Z,Running,2023-06-18T20:01:53.698000Z,2045.229,5822.168771961698,299,151,187,166
C:\Users\12063\Downloads\sqlite\strava_nike_performance_analysis\data\raw\tcx\299af3f5-e65f-4f33-bcfb-bd20b8364a1a.tcx,2026-02-18T23:15:32.627Z,Running,2026-02-18T23:15:32.627000Z,3543.734,7345.556982404567,279,,,150
C:\Users\12063\Downloads\sqlite\strava_nike_performance_analysis\data\raw\tcx\2a28ad40-6714-4973-a8eb-ef98fbb8c091.tcx,2025-12-23T02:40:55.336Z,Running,2025-12-23T02:40:55.336000Z,2952.303,7810.39497360681,318,,,154
C:\Users\12063\Downloads\sqlite\strava_nike_performance_analysis\data\raw\tcx\2a56044f-d39e-40ab-9ed4-ef5ab4cda18a.tcx,2026-01-16T23:01:59.547Z,Running,2026-01-16T23:01:59.547000Z,2773.249,7373.159496094564,298,,,158
C:\Users\12063\Downloads\sqlite\strava_nike_performance_analysis\data\raw\tcx\2b070bbc-2fac-4f64-a4f3-700494168741.tcx,2023-07-17T19:19:05.315Z,Running,2023-07-17T19:19:05.315000Z,1317.289,4117.425378653222,215,156,181,169
C:\Users\12063\Downloads\sqlite\strava_nike_performance_analysis\data\raw\tcx\2b5b5cf3-de62-4ecd-93a6-b62bf295cce8.tcx,2019-11-11T00:38:04.571Z,Running,2019-11-11T00:38:04.571000Z,1463.998,4730.967031639414,198,,,
C:\Users\12063\Downloads\sqlite\strava_nike_performance_analysis\data\raw\tcx\2b7ee921-33aa-49f7-be50-75f933eb2baa.tcx,2025-07-12T16:05:01.133Z,Running,2025-07-12T16:05:01.133000Z,1306.043,3147.733083536618,126,,,152
C:\Users\12063\Downloads\sqlite\strava_nike_performance_analysis\data\raw\tcx\2c92d187-5d49-45fa-a90a-463328e90170.tcx,2025-11-22T01:44:23.850Z,Running,2025-11-22T01:44:23.850000Z,3714.025,8311.995000481144,324,,,130
C:\Users\12063\Downloads\sqlite\strava_nike_performance_analysis\data\raw\tcx\2d1f1fa6-d117-4bb1-a505-aec1cfb4fdc4.tcx,2025-06-28T03:55:19.109Z,Running,2025-06-28T03:55:19.109000Z,1642.543,3970.121573286595,159,,,156
C:\Users\12063\Downloads\sqlite\strava_nike_performance_analysis\data\raw\tcx\2dd48056-eea2-4ecd-b1a2-118e66a73801.tcx,2022-11-21T23:20:39.591Z,Running,2022-11-21T23:20:39.591000Z,827.82,2428.5257439184934,139,137,179,157
C:\Users\12063\Downloads\sqlite\strava_nike_performance_analysis\data\raw\tcx\2ddc2379-f54a-446b-9f5e-643880ea1933.tcx,2025-04-24T15:55:19.216Z,Running,2025-04-24T15:55:19.216000Z,572.452,1700.7710103159775,69,,,163
C:\Users\12063\Downloads\sqlite\strava_nike_performance_analysis\data\raw\tcx\2e135d74-c6d8-4d3d-b672-054956d3e06e.tcx,2026-02-23T03:50:11.004Z,Running,2026-02-23T03:50:11.004000Z,4153.279,11796.690944709835,482,,,161
C:\Users\12063\Downloads\sqlite\strava_nike_performance_analysis\data\raw\tcx\30e189a2-d4c0-4bac-b799-4a17b45e0825.tcx,2025-08-21T13:10:56.028Z,Running,2025-08-21T13:10:56.028000Z,2848.21,7809.052630241721,318,,,159
C:\Users\12063\Downloads\sqlite\strava_nike_performance_analysis\data\raw\tcx\317d9696-3c60-48d5-9f11-99483df08465.tcx,2025-07-15T03:19:13.693Z,Running,2025-07-15T03:19:13.693000Z,3416.651,10268.551202231076,425,,,166
C:\Users\12063\Downloads\sqlite\strava_nike_performance_analysis\data\raw\tcx\32df34cf-2f3a-49b0-9651-47e5bf723f62.tcx,2023-03-28T22:45:22.110Z,Running,2023-03-28T22:45:22.110000Z,1942.66,5400.956687038766,307,144,194,184
C:\Users\12063\Downloads\sqlite\strava_nike_performance_analysis\data\raw\tcx\3323ff4b-0af2-446b-9b89-1b45af94891d.tcx,2025-07-26T00:35:04.101Z,Running,2025-07-26T00:35:04.101000Z,2755.9,7820.366533801424,320,160,171,160
C:\Users\12063\Downloads\sqlite\strava_nike_performance_analysis\data\raw\tcx\33a1d038-792d-4a67-baf3-c30cb8b2b276.tcx,2023-06-08T22:19:14.759Z,Running,2023-06-08T22:19:14.759000Z,4144.661,11247.950295664392,681,146,185,160
C:\Users\12063\Downloads\sqlite\strava_nike_performance_analysis\data\raw\tcx\34331e31-c8f8-4bab-8b0c-2b8536a786d3.tcx,2025-06-14T20:29:09.141Z,Running,2025-06-14T20:29:09.141000Z,4958.986,12884.737669153727,520,,,154
C:\Users\12063\Downloads\sqlite\strava_nike_performance_analysis\data\raw\tcx\34e276aa-bda6-4519-bfe4-8da014988166.tcx,2025-08-24T13:13:36.433Z,Running,2025-08-24T13:13:36.433000Z,868.496,3246.846330389383,136,,,164
C:\Users\12063\Downloads\sqlite\strava_nike_performance_analysis\data\raw\tcx\362d6714-6deb-4a38-962a-c78682694673.tcx,2025-10-20T23:42:58.644Z,Running,2025-10-20T23:42:58.644000Z,5560.15,13296.017993286712,539,,,141
C:\Users\12063\Downloads\sqlite\strava_nike_performance_analysis\data\raw\tcx\371440bd-8d84-4c15-8949-a8fb2d917968.tcx,2025-11-02T00:20:19.219Z,Running,2025-11-02T00:20:19.219000Z,7861.269,6474.8981769504,232,,,89
C:\Users\12063\Downloads\sqlite\strava_nike_performance_analysis\data\raw\tcx\378a2cff-065c-47fe-ab02-6bf765d2046a.tcx,2026-02-26T22:38:20.476Z,Running,2026-02-26T22:38:20.476000Z,3039.776,8062.865855828868,330,,,159
C:\Users\12063\Downloads\sqlite\strava_nike_performance_analysis\data\raw\tcx\38089c04-e1ad-47a7-9d64-5dd790fbde17.tcx,2023-04-29T21:00:05.285Z,Running,2023-04-29T21:00:05.285000Z,2366.519,6799.825012674555,358,164,188,157
C:\Users\12063\Downloads\sqlite\strava_nike_performance_analysis\data\raw\tcx\390bb104-e227-4026-804a-9b69144e9b6a.tcx,2023-03-25T20:28:23.225Z,Running,2023-03-25T20:28:23.225000Z,920.903,2575.7582466611652,142,147,196,141
C:\Users\12063\Downloads\sqlite\strava_nike_performance_analysis\data\raw\tcx\39fef0fa-a8bd-43fc-b6df-d838b869c002.tcx,2023-04-18T22:33:04.649Z,Running,2023-04-18T22:33:04.649000Z,1761.038,4901.602620861496,251,177,193,181
C:\Users\12063\Downloads\sqlite\strava_nike_performance_analysis\data\raw\tcx\3b0a2e07-2a95-45af-b16e-450310941de5.tcx,2025-04-11T17:38:49.984Z,Running,2025-04-11T17:38:49.984000Z,565.428,1722.6426528332527,71,,,166
C:\Users\12063\Downloads\sqlite\strava_nike_performance_analysis\data\raw\tcx\3bee1a4d-71c5-483a-8aa1-8927ae8ba863.tcx,2026-02-24T23:46:41.408Z,Running,2026-02-24T23:46:41.408000Z,1977.889,4991.330409855586,204,,,134
C:\Users\12063\Downloads\sqlite\strava_nike_performance_analysis\data\raw\tcx\3c6fef6e-9291-4b10-aaf1-83ddeb6ccc63.tcx,2025-11-10T05:25:09.392Z,Running,2025-11-10T05:25:09.392000Z,3357.339,4914.941977322102,169,,,109
C:\Users\12063\Downloads\sqlite\strava_nike_performance_analysis\data\raw\tcx\3dca3bd3-5685-47cf-b3da-6b45c1c5e274.tcx,2023-06-06T21:52:55.453Z,Running,2023-06-06T21:52:55.453000Z,2514.769,7348.921909104574,302,,,169
C:\Users\12063\Downloads\sqlite\strava_nike_performance_analysis\data\raw\tcx\3dca4fcb-95de-4607-a090-9f4d236116aa.tcx,2025-11-07T06:36:56.848Z,Running,2025-11-07T06:36:56.848000Z,1156.488,2696.4145028120847,105,,,140
C:\Users\12063\Downloads\sqlite\strava_nike_performance_analysis\data\raw\tcx\3f2054af-5a75-4420-b1fa-e93c9666d2a6.tcx,2023-02-27T23:40:47.727Z,Running,2023-02-27T23:40:47.727000Z,2323.008,5749.226592923516,289,166,195,141
C:\Users\12063\Downloads\sqlite\strava_nike_performance_analysis\data\raw\tcx\410ea26d-8040-401f-add6-ad6c992272c8.tcx,2022-11-26T22:59:00.299Z,Running,2022-11-26T22:59:00.299000Z,4356.618,14587.301139520945,824,170,195,177
C:\Users\12063\Downloads\sqlite\strava_nike_performance_analysis\data\raw\tcx\4218eb83-7034-48f8-9506-8e28dbf256ed.tcx,2023-03-07T23:21:32.221Z,Running,2023-03-07T23:21:32.221000Z,363.854,928.7641025399794,50,153,171,148
C:\Users\12063\Downloads\sqlite\strava_nike_performance_analysis\data\raw\tcx\42fd29b5-a7cd-4ed8-88d9-a26c393ccd43.tcx,2025-06-19T22:42:45.364Z,Running,2025-06-19T22:42:45.364000Z,3759.899,5277.545461872024,194,,,115
C:\Users\12063\Downloads\sqlite\strava_nike_performance_analysis\data\raw\tcx\43336d5f-ac0c-44a7-b753-e21ed0069f80.tcx,2026-01-01T18:20:31.853Z,Running,2026-01-01T18:20:31.853000Z,2329.791,4887.616838125047,184,,,142
C:\Users\12063\Downloads\sqlite\strava_nike_performance_analysis\data\raw\tcx\436c51c6-3b1c-4e9d-ac11-d134e30b3a2c.tcx,2022-09-03T21:45:45.544Z,Running,2022-09-03T21:45:45.544000Z,1771.677,3535.7576784652174,132,138,188,128
C:\Users\12063\Downloads\sqlite\strava_nike_performance_analysis\data\raw\tcx\446d33f8-c63b-4fec-9f9e-64651f31ddce.tcx,2025-06-16T05:03:31.467Z,Running,2025-06-16T05:03:31.467000Z,1996.386,4580.844640474071,178,,,149
C:\Users\12063\Downloads\sqlite\strava_nike_performance_analysis\data\raw\tcx\451dfe0c-dcf1-4713-b772-3fb5c4fd130f.tcx,2026-01-17T18:03:49.313Z,Running,2026-01-17T18:03:49.313000Z,2434.746,5476.393764334264,214,,,149
C:\Users\12063\Downloads\sqlite\strava_nike_performance_analysis\data\raw\tcx\459a26af-59a6-4c30-a883-5776d8e875b3.tcx,2023-03-02T23:21:11.435Z,Running,2023-03-02T23:21:11.435000Z,539.081,1178.3835253622385,56,142,172,124
C:\Users\12063\Downloads\sqlite\strava_nike_performance_analysis\data\raw\tcx\45a07993-635d-414a-b63a-287e114dfea8.tcx,2023-04-04T22:44:50.438Z,Running,2023-04-04T22:44:50.438000Z,2412.22,6950.307196176616,342,167,198,142
C:\Users\12063\Downloads\sqlite\strava_nike_performance_analysis\data\raw\tcx\45d98670-e37e-4cc2-bcef-ae6eafd1c5b8.tcx,2026-01-13T02:32:20.137Z,Running,2026-01-13T02:32:20.137000Z,2550.618,5477.659384130506,207,,,147
C:\Users\12063\Downloads\sqlite\strava_nike_performance_analysis\data\raw\tcx\47815e05-4eca-408e-86f2-6d6a2211ff5e.tcx,2023-02-03T21:44:19.572Z,Running,2023-02-03T21:44:19.572000Z,1583.586,4011.1307257777103,227,135,184,147
C:\Users\12063\Downloads\sqlite\strava_nike_performance_analysis\data\raw\tcx\4a2748ca-fa0d-4b70-a754-e4d350caee70.tcx,2023-04-21T20:33:49.440Z,Running,2023-04-21T20:33:49.440000Z,2036.043,6148.106882991272,328,167,194,182
C:\Users\12063\Downloads\sqlite\strava_nike_performance_analysis\data\raw\tcx\4ab19a8f-a6a1-45c5-8e27-cd438c240d1a.tcx,2023-10-03T14:06:26.655Z,Running,2023-10-03T14:06:26.655000Z,189.295,473.20636803284276,24,165,170,133
C:\Users\12063\Downloads\sqlite\strava_nike_performance_analysis\data\raw\tcx\4b0571cc-1d83-4600-b078-e3afd37e32f4.tcx,2023-10-07T17:11:57.728Z,Running,2023-10-07T17:11:57.728000Z,1275.267,5079.347668026572,257,186,188,174
C:\Users\12063\Downloads\sqlite\strava_nike_performance_analysis\data\raw\tcx\4b3ce9d3-9129-4f07-b9cf-0deee11d0b7a.tcx,2025-11-04T00:39:23.898Z,Running,2025-11-04T00:39:23.898000Z,3014.78,7087.415324456051,278,,,151
C:\Users\12063\Downloads\sqlite\strava_nike_performance_analysis\data\raw\tcx\4c1ce2e3-f2a5-4229-8743-6f91a17b6b08.tcx,2026-02-11T00:16:10.946Z,Running,2026-02-11T00:16:10.946000Z,2868.794,7386.846811325767,298,,,155
C:\Users\12063\Downloads\sqlite\strava_nike_performance_analysis\data\raw\tcx\4c81a2ae-d495-4164-ab92-f3666839e5d9.tcx,2026-01-20T22:11:28.673Z,Running,2026-01-20T22:11:28.673000Z,4506.676,13325.59714054037,548,,,158
C:\Users\12063\Downloads\sqlite\strava_nike_performance_analysis\data\raw\tcx\4cd7f39e-a9d3-42d7-8903-9af5c72ce9e5.tcx,2023-09-25T13:27:18.564Z,Running,2023-09-25T13:27:18.564000Z,2599.968,7421.331188985146,471,177,197,160
C:\Users\12063\Downloads\sqlite\strava_nike_performance_analysis\data\raw\tcx\4d367849-3025-476b-aa46-0331d414e703.tcx,2023-03-16T22:30:29.644Z,Running,2023-03-16T22:30:29.644000Z,2232.091,6203.062116174959,319,169,199,178
C:\Users\12063\Downloads\sqlite\strava_nike_performance_analysis\data\raw\tcx\4d496f2c-5fd5-4af0-aa63-bbf54c9e5fb6.tcx,2022-10-10T22:19:38.960Z,Running,2022-10-10T22:19:38.960000Z,1707.805,3146.9117335265087,121,,,126
C:\Users\12063\Downloads\sqlite\strava_nike_performance_analysis\data\raw\tcx\4d9b5542-6cbc-4b3a-8293-1da6da2bf165.tcx,2026-02-20T06:45:47.409Z,Running,2026-02-20T06:45:47.409000Z,2200.784,5921.359477253163,240,,,160
C:\Users\12063\Downloads\sqlite\strava_nike_performance_analysis\data\raw\tcx\4de34644-fa78-4f7b-bbf8-75e45ca1c665.tcx,2023-01-23T23:58:11.064Z,Running,2023-01-23T23:58:11.064000Z,2405.572,5158.869431918019,297,147,190,137
C:\Users\12063\Downloads\sqlite\strava_nike_performance_analysis\data\raw\tcx\4f9e13dc-94ff-4d3e-b00e-ccb0bc5335f5.tcx,2023-04-10T22:26:14.994Z,Running,2023-04-10T22:26:14.994000Z,1956.674,5473.4841014868625,224,170,190,172
C:\Users\12063\Downloads\sqlite\strava_nike_performance_analysis\data\raw\tcx\51383e2a-3dbc-4099-aaaa-d180538d1ae4.tcx,2025-12-20T08:10:42.478Z,Running,2025-12-20T08:10:42.478000Z,2639.557,7692.658835501407,316,,,160
C:\Users\12063\Downloads\sqlite\strava_nike_performance_analysis\data\raw\tcx\524686f0-b6ab-4bb9-b29b-04c762275f86.tcx,2023-04-12T22:30:55.623Z,Running,2023-04-12T22:30:55.623000Z,1835.282,5254.105071319265,232,,,167
C:\Users\12063\Downloads\sqlite\strava_nike_performance_analysis\data\raw\tcx\52e7dca2-72e8-4e41-8a2f-a3a13075db19.tcx,2023-05-08T22:20:55.593Z,Running,2023-05-08T22:20:55.593000Z,2744.508,7047.197283980434,577,71,188,137
C:\Users\12063\Downloads\sqlite\strava_nike_performance_analysis\data\raw\tcx\5373bc74-9939-462e-b6a3-e65707778610.tcx,2023-04-17T01:00:44.458Z,Running,2023-04-17T01:00:44.458000Z,1768.602,4371.984166921116,218,123,203,166
C:\Users\12063\Downloads\sqlite\strava_nike_performance_analysis\data\raw\tcx\53a56fd3-008b-42c7-b927-9c389a2e29d4.tcx,2025-10-17T22:23:29.211Z,Running,2025-10-17T22:23:29.211000Z,4297.317,7328.904180661775,276,,,123
C:\Users\12063\Downloads\sqlite\strava_nike_performance_analysis\data\raw\tcx\549e48ab-e543-4c66-9016-8cd5e418c4c0.tcx,2025-05-09T15:10:11.328Z,Running,2025-05-09T15:10:11.328000Z,646.377,1698.7475348671423,68,147,173,154
C:\Users\12063\Downloads\sqlite\strava_nike_performance_analysis\data\raw\tcx\54fb9dc6-ad9a-4f6d-acee-6c910ae17ae7.tcx,2025-04-06T11:21:07.479Z,Running,2025-04-06T11:21:07.479000Z,658.559,1707.546752095223,68,,,155
C:\Users\12063\Downloads\sqlite\strava_nike_performance_analysis\data\raw\tcx\556468fc-2f6b-4f6e-a262-4f539b0ec4d8.tcx,2025-11-08T05:10:28.540Z,Running,2025-11-08T05:10:28.540000Z,1510.317,1817.1848744591675,55,,,101
C:\Users\12063\Downloads\sqlite\strava_nike_performance_analysis\data\raw\tcx\5571fa5d-f808-498f-8a75-a9cb41804076.tcx,2025-09-13T01:26:46.031Z,Running,2025-09-13T01:26:46.031000Z,4213.438,10082.218391927425,403,,,144
C:\Users\12063\Downloads\sqlite\strava_nike_performance_analysis\data\raw\tcx\55b9b6d6-fac9-4f20-b5fd-bb58f8d10d11.tcx,2023-05-29T20:17:55.892Z,Running,2023-05-29T20:17:55.892000Z,1311.183,3954.1734954994186,214,171,181,167
C:\Users\12063\Downloads\sqlite\strava_nike_performance_analysis\data\raw\tcx\585cab2d-d188-444b-9520-45b834ab3626.tcx,2025-11-15T23:50:19.334Z,Running,2025-11-15T23:50:19.334000Z,88.062,248.62309452146292,10,,,164
C:\Users\12063\Downloads\sqlite\strava_nike_performance_analysis\data\raw\tcx\58cb63a8-2b2b-4c55-ac6e-a7e1b63cfdad.tcx,2026-03-01T14:25:17.411Z,Running,2026-03-01T14:25:17.411000Z,768.794,2048.611228831112,83,,,148
C:\Users\12063\Downloads\sqlite\strava_nike_performance_analysis\data\raw\tcx\59124436-7dd9-4034-8d5b-ed23841ff0dc.tcx,2024-11-17T14:44:04.664Z,Running,2024-11-17T14:44:04.664000Z,2703.653,6154.087633273572,239,163,179,151
C:\Users\12063\Downloads\sqlite\strava_nike_performance_analysis\data\raw\tcx\59f3f921-3346-4972-9c31-bea802d5985f.tcx,2026-02-12T22:44:12.780Z,Running,2026-02-12T22:44:12.780000Z,2675.755,7137.7883601482035,289,,,160
C:\Users\12063\Downloads\sqlite\strava_nike_performance_analysis\data\raw\tcx\5a5d1625-d258-4134-851e-787cbc620631.tcx,2025-10-25T16:04:37.733Z,Running,2025-10-25T16:04:37.733000Z,1300.598,3042.7473357873964,119,,,151
C:\Users\12063\Downloads\sqlite\strava_nike_performance_analysis\data\raw\tcx\5b1fcc2c-3af2-4efb-bf9b-59ec94c55de2.tcx,2023-03-11T00:04:36.782Z,Running,2023-03-11T00:04:36.782000Z,343.91,1631.230336554348,264,108,196,186
C:\Users\12063\Downloads\sqlite\strava_nike_performance_analysis\data\raw\tcx\5b4d6371-d3bb-44cc-9345-838af75f6a58.tcx,2023-05-02T22:41:01.264Z,Running,2023-05-02T22:41:01.264000Z,2352.165,6364.1142302183525,358,152,187,149
C:\Users\12063\Downloads\sqlite\strava_nike_performance_analysis\data\raw\tcx\5cd1343a-eb5d-443e-917b-82ad6d46ccfa.tcx,2024-10-05T17:06:05.652Z,Running,2024-10-05T17:06:05.652000Z,1379.503,5014.7049872775815,210,179,184,174
C:\Users\12063\Downloads\sqlite\strava_nike_performance_analysis\data\raw\tcx\5d4944bc-1663-4e8b-99e0-237d131e22f5.tcx,2025-10-18T20:43:44.058Z,Running,2025-10-18T20:43:44.058000Z,6916.525,20369.188872657665,839,,,169
C:\Users\12063\Downloads\sqlite\strava_nike_performance_analysis\data\raw\tcx\5d615e49-d09d-46a0-9a3a-c4098d759880.tcx,2023-03-08T00:02:27.625Z,Running,2023-03-08T00:02:27.625000Z,2959.754,7450.013999673541,352,162,208,155
C:\Users\12063\Downloads\sqlite\strava_nike_performance_analysis\data\raw\tcx\5d9b4c9e-8739-4065-88d1-0d590ec97a05.tcx,2025-08-07T23:36:46.810Z,Running,2025-08-07T23:36:46.810000Z,1103.839,2806.500851581801,112,,,154
C:\Users\12063\Downloads\sqlite\strava_nike_performance_analysis\data\raw\tcx\5dfd8eb7-334b-4091-8c1a-52fa36c2bc25.tcx,2023-08-20T09:12:13.886Z,Running,2023-08-20T09:12:13.886000Z,925.628,3302.1254634326297,166,173,195,165
C:\Users\12063\Downloads\sqlite\strava_nike_performance_analysis\data\raw\tcx\5f746e60-0172-471e-b8aa-12740dfea5af.tcx,2025-06-14T04:14:48.908Z,Running,2025-06-14T04:14:48.908000Z,2954.654,8268.063772368127,337,,,160
C:\Users\12063\Downloads\sqlite\strava_nike_performance_analysis\data\raw\tcx\60affd25-7a70-4ad2-8304-53480f69ce57.tcx,2026-01-17T17:17:39.818Z,Running,2026-01-17T17:17:39.818000Z,2369.422,5357.6416153861255,210,,,147
C:\Users\12063\Downloads\sqlite\strava_nike_performance_analysis\data\raw\tcx\60f8a014-ac00-4488-8ff2-0b480a2bd3a4.tcx,2022-11-24T18:21:55.849Z,Running,2022-11-24T18:21:55.849000Z,931.123,3210.543809399941,194,154,186,179
C:\Users\12063\Downloads\sqlite\strava_nike_performance_analysis\data\raw\tcx\61746ef6-36e7-4dd4-a4d0-20988b41dbe4.tcx,2023-05-27T02:32:01.033Z,Running,2023-05-27T02:32:01.033000Z,3011.329,10275.356524825103,549,176,194,174
C:\Users\12063\Downloads\sqlite\strava_nike_performance_analysis\data\raw\tcx\62a33527-2b34-4be4-a1d7-5b7c6bb0020e.tcx,2025-01-25T17:01:35.135Z,Running,2025-01-25T17:01:35.135000Z,1443.633,5003.830869956811,209,,,172
C:\Users\12063\Downloads\sqlite\strava_nike_performance_analysis\data\raw\tcx\6383c2ac-eb87-49e1-8bdc-ad2b1e0b886b.tcx,2025-05-20T01:58:52.768Z,Running,2025-05-20T01:58:52.768000Z,4811.575,12518.919537070566,508,167,186,162
C:\Users\12063\Downloads\sqlite\strava_nike_performance_analysis\data\raw\tcx\63b3b48e-450e-4f52-a924-045e53ad628f.tcx,2026-01-11T21:35:40.518Z,Running,2026-01-11T21:35:40.518000Z,4808.486,13373.962029139971,546,,,161
C:\Users\12063\Downloads\sqlite\strava_nike_performance_analysis\data\raw\tcx\65813674-82fe-4cbc-88c0-9c05a0e35bb5.tcx,2025-09-29T22:00:37.006Z,Running,2025-09-29T22:00:37.006000Z,3701.794,7598.94379583281,292,,,130
C:\Users\12063\Downloads\sqlite\strava_nike_performance_analysis\data\raw\tcx\65da470c-d2db-4dd7-88ff-39c2696205cf.tcx,2026-03-04T05:51:47.161Z,Running,2026-03-04T05:51:47.161000Z,2406.753,6504.425864463675,266,,,157
C:\Users\12063\Downloads\sqlite\strava_nike_performance_analysis\data\raw\tcx\673ea355-4c5b-4814-ba3e-3fd2076452c2.tcx,2025-11-30T14:31:56.738Z,Running,2025-11-30T14:31:56.738000Z,1294.488,3257.686421405059,132,,,149
C:\Users\12063\Downloads\sqlite\strava_nike_performance_analysis\data\raw\tcx\68b81770-d02e-4aa7-bce7-155e2be3183d.tcx,2025-03-22T21:29:09.969Z,Running,2025-03-22T21:29:09.969000Z,1166.9,2737.256155606592,106,,,143
C:\Users\12063\Downloads\sqlite\strava_nike_performance_analysis\data\raw\tcx\6920dedc-19d0-4b4d-bac4-c5db0a34de16.tcx,2025-11-15T06:10:32.792Z,Running,2025-11-15T06:10:32.792000Z,5435.12,14668.585855710333,597,,,158
C:\Users\12063\Downloads\sqlite\strava_nike_performance_analysis\data\raw\tcx\6bcc9903-87b5-41ca-a744-229e29ff5b87.tcx,2025-03-29T16:25:25.686Z,Running,2025-03-29T16:25:25.686000Z,3226.966,8387.633771346638,340,,,161
C:\Users\12063\Downloads\sqlite\strava_nike_performance_analysis\data\raw\tcx\6c9a0ad5-304f-4784-a33a-27303c11ae1b.tcx,2025-10-27T23:20:00.530Z,Running,2025-10-27T23:20:00.530000Z,9704.686,22787.799061832935,927,,,145
C:\Users\12063\Downloads\sqlite\strava_nike_performance_analysis\data\raw\tcx\6ca16e1e-3d31-4a61-b672-6328dc08382f.tcx,2025-04-22T15:31:10.976Z,Running,2025-04-22T15:31:10.976000Z,608.429,1700.6795029321208,69,,,161
C:\Users\12063\Downloads\sqlite\strava_nike_performance_analysis\data\raw\tcx\6d4e85e6-7802-4f96-9eb8-d9d9ae864208.tcx,2026-03-10T04:01:27.101Z,Running,2026-03-10T04:01:27.101000Z,2418.527,6636.394263896156,270,147,169,158
C:\Users\12063\Downloads\sqlite\strava_nike_performance_analysis\data\raw\tcx\6d71db80-074e-496c-b248-e303bd78b1f2.tcx,2025-04-30T13:35:02.035Z,Running,2025-04-30T13:35:02.035000Z,691.929,1712.3062163495936,67,,,155
C:\Users\12063\Downloads\sqlite\strava_nike_performance_analysis\data\raw\tcx\6f37206c-be91-440c-9886-e65a717e6f77.tcx,2025-03-08T17:03:31.131Z,Running,2025-03-08T17:03:31.131000Z,1854.36,4638.065863601108,182,171,191,159
C:\Users\12063\Downloads\sqlite\strava_nike_performance_analysis\data\raw\tcx\6f8ded21-7705-4fcd-baab-4af4b95997b6.tcx,2023-05-12T23:50:03.012Z,Running,2023-05-12T23:50:03.012000Z,1343.088,3266.9697100548065,160,175,194,162
C:\Users\12063\Downloads\sqlite\strava_nike_performance_analysis\data\raw\tcx\701e3e49-b6a2-456c-80b2-1bb083cdbbb2.tcx,2022-11-24T18:08:36.010Z,Running,2022-11-24T18:08:36.010000Z,583.045,1583.7568853665146,93,150,177,177
C:\Users\12063\Downloads\sqlite\strava_nike_performance_analysis\data\raw\tcx\70d80b2d-7a28-41bb-ae7d-933f2baee155.tcx,2025-06-26T23:14:55.479Z,Running,2025-06-26T23:14:55.479000Z,2857.746,7224.8312331365805,293,,,162
C:\Users\12063\Downloads\sqlite\strava_nike_performance_analysis\data\raw\tcx\71084da6-8b53-42af-a6f3-7f4120b9bfa3.tcx,2026-01-30T22:19:06.205Z,Running,2026-01-30T22:19:06.205000Z,2307.343,5616.0711943712095,227,,,133
C:\Users\12063\Downloads\sqlite\strava_nike_performance_analysis\data\raw\tcx\712a9667-b445-4163-a85e-3cb56ea76ca7.tcx,2025-05-08T16:20:51.360Z,Running,2025-05-08T16:20:51.360000Z,621.531,1683.912755225552,67,,,159
C:\Users\12063\Downloads\sqlite\strava_nike_performance_analysis\data\raw\tcx\716143ad-daa7-4196-8cf0-04d23346c817.tcx,2025-05-11T12:18:12.762Z,Running,2025-05-11T12:18:12.762000Z,3515.027,10201.07769554959,420,,,166
C:\Users\12063\Downloads\sqlite\strava_nike_performance_analysis\data\raw\tcx\71ee1f15-09f8-4f53-b5c5-8054a2babc65.tcx,2025-10-01T00:13:40.908Z,Running,2025-10-01T00:13:40.908000Z,5851.963,13142.649182907775,519,,,150
C:\Users\12063\Downloads\sqlite\strava_nike_performance_analysis\data\raw\tcx\72402e5b-df76-491e-b1fb-b6716c91e3f2.tcx,2026-03-05T05:59:28.386Z,Running,2026-03-05T05:59:28.386000Z,3061.935,8855.614485365337,363,,,164
C:\Users\12063\Downloads\sqlite\strava_nike_performance_analysis\data\raw\tcx\73714b08-851f-43c5-a156-38a2a0b313e6.tcx,2025-05-10T15:20:54.125Z,Running,2025-05-10T15:20:54.125000Z,684.866,1731.1337410132412,68,,,149
C:\Users\12063\Downloads\sqlite\strava_nike_performance_analysis\data\raw\tcx\759b3e9f-6879-4e5c-9850-30f1188eef89.tcx,2023-05-13T18:48:09.516Z,Running,2023-05-13T18:48:09.516000Z,1006.74,2824.660893313583,178,120,179,164
C:\Users\12063\Downloads\sqlite\strava_nike_performance_analysis\data\raw\tcx\7613a75d-a8ec-4404-860b-0e6a2fe37a40.tcx,2025-08-16T16:02:24.291Z,Running,2025-08-16T16:02:24.291000Z,1088.805,3214.3460038921307,132,,,162
C:\Users\12063\Downloads\sqlite\strava_nike_performance_analysis\data\raw\tcx\76cf57f6-2417-49eb-9404-aa4be45475eb.tcx,2025-12-24T00:57:20.352Z,Running,2025-12-24T00:57:20.352000Z,2472.982,5802.216768357903,229,,,151
C:\Users\12063\Downloads\sqlite\strava_nike_performance_analysis\data\raw\tcx\781eac4f-23ad-4765-ace2-5bce899664aa.tcx,2026-01-22T22:39:12.656Z,Running,2026-01-22T22:39:12.656000Z,3473.29,7644.4826441481955,293,,,147
C:\Users\12063\Downloads\sqlite\strava_nike_performance_analysis\data\raw\tcx\78a8cd7d-6269-4ed0-ab4a-d3b0f44d6544.tcx,2025-08-19T22:25:39.744Z,Running,2025-08-19T22:25:39.744000Z,4855.862,12960.052414123682,529,,,163
C:\Users\12063\Downloads\sqlite\strava_nike_performance_analysis\data\raw\tcx\79477923-847d-4fef-87d8-d79eba1046bd.tcx,2019-09-24T22:06:48.452Z,Running,2019-09-24T22:06:48.452000Z,2571.791,107.04000000000002,4,114,,
C:\Users\12063\Downloads\sqlite\strava_nike_performance_analysis\data\raw\tcx\7b2b1a0b-d507-4ddd-81bb-191da8ee3ecb.tcx,2026-02-05T23:55:24.083Z,Running,2026-02-05T23:55:24.083000Z,2713.881,6086.10005119164,235,,,157
C:\Users\12063\Downloads\sqlite\strava_nike_performance_analysis\data\raw\tcx\7bdec044-4b8f-43d6-9764-be301eb83683.tcx,2023-05-23T22:19:56.559Z,Running,2023-05-23T22:19:56.559000Z,3450.92,8864.971214040164,435,154,190,148
C:\Users\12063\Downloads\sqlite\strava_nike_performance_analysis\data\raw\tcx\7c787926-5ba1-43b0-a94b-f67c70cb0a01.tcx,2023-07-10T17:56:46.215Z,Running,2023-07-10T17:56:46.215000Z,1905.578,4817.543691608124,295,128,177,147
C:\Users\12063\Downloads\sqlite\strava_nike_performance_analysis\data\raw\tcx\7c7c9956-4a91-4d94-b2fb-85c28a73d126.tcx,2026-02-10T03:09:06.266Z,Running,2026-02-10T03:09:06.266000Z,1697.473,3703.4508045637053,142,,,151
C:\Users\12063\Downloads\sqlite\strava_nike_performance_analysis\data\raw\tcx\7e7f362d-affe-4c3e-9342-4f08dfb95568.tcx,2022-11-28T22:10:38.682Z,Running,2022-11-28T22:10:38.682000Z,219.045,607.1501924032349,31,182,189,178
C:\Users\12063\Downloads\sqlite\strava_nike_performance_analysis\data\raw\tcx\7e9a5f83-4cf7-4c8f-8740-118b87ad1168.tcx,2026-02-21T06:02:08.001Z,Running,2026-02-21T06:02:08.001000Z,2494.143,7575.161348015999,311,,,155
C:\Users\12063\Downloads\sqlite\strava_nike_performance_analysis\data\raw\tcx\7f38470c-57c3-4830-9eb7-a493e355a610.tcx,2025-10-29T01:36:21.844Z,Running,2025-10-29T01:36:21.844000Z,1962.374,3122.454526677727,113,,,109
C:\Users\12063\Downloads\sqlite\strava_nike_performance_analysis\data\raw\tcx\805b6218-7740-4fd7-993d-59e0f394686c.tcx,2023-01-23T23:44:39.424Z,Running,2023-01-23T23:44:39.424000Z,706.401,1770.5253326450463,96,165,181,151
C:\Users\12063\Downloads\sqlite\strava_nike_performance_analysis\data\raw\tcx\80eec08d-f57e-444f-870f-f4e279054132.tcx,2025-10-02T22:34:23.951Z,Running,2025-10-02T22:34:23.951000Z,3551.998,5584.4205249208,207,,,119
C:\Users\12063\Downloads\sqlite\strava_nike_performance_analysis\data\raw\tcx\81d40af2-40a3-4a92-ada5-fe786e090bd0.tcx,2023-03-30T22:20:44.226Z,Running,2023-03-30T22:20:44.226000Z,1813.246,5434.0002261810005,225,,,183
C:\Users\12063\Downloads\sqlite\strava_nike_performance_analysis\data\raw\tcx\82594c61-e845-4bb4-a8f5-eabdd61d0398.tcx,2022-10-22T20:44:50.633Z,Running,2022-10-22T20:44:50.633000Z,1971.382,3869.439382557985,149,,,127
C:\Users\12063\Downloads\sqlite\strava_nike_performance_analysis\data\raw\tcx\82b73828-e083-4904-a237-50aedecea8e4.tcx,2023-07-04T15:59:58.758Z,Running,2023-07-04T15:59:58.758000Z,1818.295,5458.959395223292,310,132,197,143
C:\Users\12063\Downloads\sqlite\strava_nike_performance_analysis\data\raw\tcx\82d67dc0-de64-4d3a-8317-fe0b03bba822.tcx,2025-06-30T02:44:21.190Z,Running,2025-06-30T02:44:21.190000Z,6041.201,16099.52610663233,655,,,160
C:\Users\12063\Downloads\sqlite\strava_nike_performance_analysis\data\raw\tcx\831e3b7f-57d2-441c-b877-b2c8c5714386.tcx,2023-03-20T22:38:58.474Z,Running,2023-03-20T22:38:58.474000Z,2121.208,5350.7998054837735,257,155,199,126
C:\Users\12063\Downloads\sqlite\strava_nike_performance_analysis\data\raw\tcx\8380601d-39ad-4e5b-b7e0-bb9ab31d0dbb.tcx,2023-08-01T16:26:47.813Z,Running,2023-08-01T16:26:47.813000Z,1248.164,3892.2082421248747,213,159,175,165
C:\Users\12063\Downloads\sqlite\strava_nike_performance_analysis\data\raw\tcx\851a9947-aa59-4223-8fe4-b8d6ce32df8c.tcx,2025-04-26T16:03:50.521Z,Running,2025-04-26T16:03:50.521000Z,1494.357,4999.931486075748,208,,,169
C:\Users\12063\Downloads\sqlite\strava_nike_performance_analysis\data\raw\tcx\8591894f-14a2-4c37-b293-a04753696046.tcx,2023-02-28T23:26:42.071Z,Running,2023-02-28T23:26:42.071000Z,1340.678,2854.5771038923417,184,153,195,122
C:\Users\12063\Downloads\sqlite\strava_nike_performance_analysis\data\raw\tcx\876b1f17-dfbb-4469-976d-7601a49d8e97.tcx,2026-02-23T23:59:12.425Z,Running,2026-02-23T23:59:12.425000Z,2646.982,7832.529941742311,322,,,161
C:\Users\12063\Downloads\sqlite\strava_nike_performance_analysis\data\raw\tcx\884a73ab-0cd0-41a4-acb0-5a7a3f9aaa36.tcx,2022-12-13T23:04:22.215Z,Running,2022-12-13T23:04:22.215000Z,113.048,294.37665452295914,17,166,177,166
C:\Users\12063\Downloads\sqlite\strava_nike_performance_analysis\data\raw\tcx\88f73f7f-c894-42fa-9b88-2ec00c731474.tcx,2025-08-29T23:06:23.614Z,Running,2025-08-29T23:06:23.614000Z,2460.257,5022.921210226141,206,,,131
C:\Users\12063\Downloads\sqlite\strava_nike_performance_analysis\data\raw\tcx\892c4cd8-2c8d-4424-8af7-5ff4f70bbd33.tcx,2023-02-20T00:31:54.520Z,Running,2023-02-20T00:31:54.520000Z,1748.35,4926.357666397466,254,166,187,156
C:\Users\12063\Downloads\sqlite\strava_nike_performance_analysis\data\raw\tcx\8c76a833-eaa9-40cd-89b3-93ef56d472cf.tcx,2019-10-14T22:31:48.183Z,Running,2019-10-14T22:31:48.183000Z,2271.166,5837.753309344752,232,158,203,
C:\Users\12063\Downloads\sqlite\strava_nike_performance_analysis\data\raw\tcx\8c9e058d-735e-42d0-a990-fb1cf326d02d.tcx,2024-09-14T21:07:25.354Z,Running,2024-09-14T21:07:25.354000Z,5350.314,14546.305773913857,595,,,164
C:\Users\12063\Downloads\sqlite\strava_nike_performance_analysis\data\raw\tcx\8cd49996-3932-4c06-9202-0e1597727be4.tcx,2023-06-11T19:12:37.511Z,Running,2023-06-11T19:12:37.511000Z,2280.54,7126.837689142672,371,165,185,167
C:\Users\12063\Downloads\sqlite\strava_nike_performance_analysis\data\raw\tcx\8dbbb0af-b5a9-444f-8562-81d4e46ddb96.tcx,2025-07-19T15:59:09.763Z,Running,2025-07-19T15:59:09.763000Z,1122.929,3064.348030071238,126,,,155
C:\Users\12063\Downloads\sqlite\strava_nike_performance_analysis\data\raw\tcx\8ed37649-87d9-48ef-ba71-6846c14f87c9.tcx,2025-11-08T17:02:32.877Z,Running,2025-11-08T17:02:32.877000Z,1331.746,3052.149532260834,118,,,153
C:\Users\12063\Downloads\sqlite\strava_nike_performance_analysis\data\raw\tcx\8f05b3c7-2d54-42dc-8530-63996031bd31.tcx,2023-06-24T17:33:28.929Z,Running,2023-06-24T17:33:28.929000Z,2367.03,7591.741605080661,424,164,191,169
C:\Users\12063\Downloads\sqlite\strava_nike_performance_analysis\data\raw\tcx\8f061591-9ab0-477b-8bf2-b94604a0d67c.tcx,2025-11-03T04:09:19.412Z,Running,2025-11-03T04:09:19.412000Z,9778.89,26876.08328593853,1099,,,163
C:\Users\12063\Downloads\sqlite\strava_nike_performance_analysis\data\raw\tcx\8fae8df7-312f-4a55-9125-cdb9fb3b4c19.tcx,2025-10-05T16:19:13.894Z,Running,2025-10-05T16:19:13.894000Z,1471.888,5155.429165635728,216,,,168
C:\Users\12063\Downloads\sqlite\strava_nike_performance_analysis\data\raw\tcx\9078fdce-64e9-4ac5-a252-d25fe99d0a0e.tcx,2023-03-02T23:36:28.643Z,Running,2023-03-02T23:36:28.643000Z,2041.219,5126.838592903686,266,159,177,159
C:\Users\12063\Downloads\sqlite\strava_nike_performance_analysis\data\raw\tcx\90e0c312-18b3-40f6-b800-044d25518cd0.tcx,2025-07-03T04:24:55.272Z,Running,2025-07-03T04:24:55.272000Z,2192.907,6553.635616262448,270,,,164
C:\Users\12063\Downloads\sqlite\strava_nike_performance_analysis\data\raw\tcx\9308004e-7ca2-4823-8237-b17df82d54b3.tcx,2025-08-13T01:00:35.096Z,Running,2025-08-13T01:00:35.096000Z,2037.58,3972.614797187502,144,,,123
C:\Users\12063\Downloads\sqlite\strava_nike_performance_analysis\data\raw\tcx\940f0e67-8b8a-499d-b00b-8e00157df923.tcx,2025-10-09T05:01:43.390Z,Running,2025-10-09T05:01:43.390000Z,709.423,1687.8372905203148,67,,,158
C:\Users\12063\Downloads\sqlite\strava_nike_performance_analysis\data\raw\tcx\942ea2ee-7ba5-421f-9262-0372a63aaa95.tcx,2025-10-07T23:26:17.508Z,Running,2025-10-07T23:26:17.508000Z,2395.878,4527.467535417993,169,,,128
C:\Users\12063\Downloads\sqlite\strava_nike_performance_analysis\data\raw\tcx\94ae997d-c312-4edd-ba71-6ac064385f2a.tcx,2025-11-17T23:14:53.214Z,Running,2025-11-17T23:14:53.214000Z,6725.93,18321.668690508162,745,,,161
C:\Users\12063\Downloads\sqlite\strava_nike_performance_analysis\data\raw\tcx\979f9a96-4898-4e1d-ab44-13cdc796137f.tcx,2024-09-11T18:27:18.577Z,Running,2024-09-11T18:27:18.577000Z,2982.454,6858.381599627434,421,165,184,152
C:\Users\12063\Downloads\sqlite\strava_nike_performance_analysis\data\raw\tcx\99bcedb6-ca74-480e-9113-2144d6e4c509.tcx,2025-06-26T00:46:46.920Z,Running,2025-06-26T00:46:46.920000Z,1147.852,3453.2932084016506,141,,,166
C:\Users\12063\Downloads\sqlite\strava_nike_performance_analysis\data\raw\tcx\9a5733f1-f593-4b8a-a1a6-c966b1b4c8e2.tcx,2023-05-20T22:43:23.450Z,Running,2023-05-20T22:43:23.450000Z,3500.346,10163.908548783511,417,,,156
C:\Users\12063\Downloads\sqlite\strava_nike_performance_analysis\data\raw\tcx\9ae92535-55f7-441c-93c8-f4446a9a29e7.tcx,2023-05-28T02:39:39.414Z,Running,2023-05-28T02:39:39.414000Z,1662.336,4829.379161505025,244,158,179,170
C:\Users\12063\Downloads\sqlite\strava_nike_performance_analysis\data\raw\tcx\9bf0dbcb-4dbe-4ab7-bd52-53f4728c9020.tcx,2026-01-05T04:37:51.775Z,Running,2026-01-05T04:37:51.775000Z,4166.909,11570.599363844833,472,,,163
C:\Users\12063\Downloads\sqlite\strava_nike_performance_analysis\data\raw\tcx\9bf84e72-3f0d-40c9-8b46-801363267712.tcx,2022-10-27T22:15:50.415Z,Running,2022-10-27T22:15:50.415000Z,3094.008,8704.224791656481,356,,,168
C:\Users\12063\Downloads\sqlite\strava_nike_performance_analysis\data\raw\tcx\9c989976-f965-4360-bf4b-2afb55b6098c.tcx,2025-10-18T22:48:04.440Z,Running,2025-10-18T22:48:04.440000Z,605.651,850.9555200724857,27,,,107
C:\Users\12063\Downloads\sqlite\strava_nike_performance_analysis\data\raw\tcx\9e458e6b-c4b4-42d0-9ae3-f2c5ca06a036.tcx,2025-12-24T00:43:05.911Z,Running,2025-12-24T00:43:05.911000Z,626.701,1579.5063588004557,62,,,141
C:\Users\12063\Downloads\sqlite\strava_nike_performance_analysis\data\raw\tcx\9e9dce58-0c09-4c8c-937c-4fa65c316637.tcx,2025-08-13T00:03:32.450Z,Running,2025-08-13T00:03:32.450000Z,2534.15,7092.037449715177,291,,,162
C:\Users\12063\Downloads\sqlite\strava_nike_performance_analysis\data\raw\tcx\9f85a46e-d531-41d0-bb37-76741bb20034.tcx,2023-05-20T16:19:59.500Z,Running,2023-05-20T16:19:59.500000Z,717.659,2304.6170858945698,113,161,175,174
C:\Users\12063\Downloads\sqlite\strava_nike_performance_analysis\data\raw\tcx\9f86b8f1-35d3-4530-b19b-f8cba056769f.tcx,2025-07-09T03:28:25.468Z,Running,2025-07-09T03:28:25.468000Z,3338.331,9450.099602038961,388,,,165
C:\Users\12063\Downloads\sqlite\strava_nike_performance_analysis\data\raw\tcx\a03abefd-909a-4c76-bdb2-3e88d8faebb5.tcx,2023-06-19T16:34:57.932Z,Running,2023-06-19T16:34:57.932000Z,3724.747,10427.72196822148,528,152,194,154
C:\Users\12063\Downloads\sqlite\strava_nike_performance_analysis\data\raw\tcx\a095dd27-102b-40b7-ac5a-e03ae1271e72.tcx,2026-03-02T23:43:55.650Z,Running,2026-03-02T23:43:55.650000Z,2623.335,6950.636339963401,282,,,160
C:\Users\12063\Downloads\sqlite\strava_nike_performance_analysis\data\raw\tcx\a122ecb1-78a6-41a5-8acb-b0cb6868dd71.tcx,2025-07-14T03:24:13.234Z,Running,2025-07-14T03:24:13.234000Z,2057.056,5138.43659609626,207,,,153
C:\Users\12063\Downloads\sqlite\strava_nike_performance_analysis\data\raw\tcx\a14385ca-1e2c-45c9-b832-9539fb76218e.tcx,2025-10-18T16:03:55.862Z,Running,2025-10-18T16:03:55.862000Z,1343.718,3187.7118706186284,126,,,154
C:\Users\12063\Downloads\sqlite\strava_nike_performance_analysis\data\raw\tcx\a1c6f44c-fe58-418a-89a1-c1c48e1132b3.tcx,2022-10-26T22:12:38.877Z,Running,2022-10-26T22:12:38.877000Z,756.674,1555.5665238588101,60,,,128
C:\Users\12063\Downloads\sqlite\strava_nike_performance_analysis\data\raw\tcx\a28bd2ca-e3f3-405b-b550-f23305a56f2b.tcx,2025-04-27T14:50:59.992Z,Running,2025-04-27T14:50:59.992000Z,623.172,1690.3226947983499,68,,,162
C:\Users\12063\Downloads\sqlite\strava_nike_performance_analysis\data\raw\tcx\a2f03738-8f33-4f57-b25b-2e2110c2434b.tcx,2025-11-13T06:00:05.319Z,Running,2025-11-13T06:00:05.319000Z,3781.147,8145.073001326534,317,,,141
C:\Users\12063\Downloads\sqlite\strava_nike_performance_analysis\data\raw\tcx\a5b585f1-35e8-454c-a2e5-095ede238903.tcx,2023-05-01T22:46:51.369Z,Running,2023-05-01T22:46:51.369000Z,2253.892,5419.40232952125,274,150,197,129
C:\Users\12063\Downloads\sqlite\strava_nike_performance_analysis\data\raw\tcx\a5c44b00-a1c3-452e-b3e8-fd58328bebca.tcx,2026-03-01T15:02:56.282Z,Running,2026-03-01T15:02:56.282000Z,1202.032,4662.490982757887,197,,,171
C:\Users\12063\Downloads\sqlite\strava_nike_performance_analysis\data\raw\tcx\a5ff3df1-713f-4fd3-9488-a6f6e515dddb.tcx,2025-12-06T17:06:22.045Z,Running,2025-12-06T17:06:22.045000Z,1184.986,3045.9964560209764,122,,,161
C:\Users\12063\Downloads\sqlite\strava_nike_performance_analysis\data\raw\tcx\a62842e2-6ecf-461d-8f7c-461db0c80501.tcx,2025-06-21T18:01:39.278Z,Running,2025-06-21T18:01:39.278000Z,4407.974,12928.371456583594,532,,,170
C:\Users\12063\Downloads\sqlite\strava_nike_performance_analysis\data\raw\tcx\a823191e-ff69-43c2-995d-74d8d0b2f0d4.tcx,2026-01-25T17:05:41.915Z,Running,2026-01-25T17:05:41.915000Z,7009.776,21099.53937228773,870,,,166
C:\Users\12063\Downloads\sqlite\strava_nike_performance_analysis\data\raw\tcx\a84eadf5-c5dd-4893-8bbe-cb7f5fa46c2b.tcx,2022-11-28T22:15:09.266Z,Running,2022-11-28T22:15:09.266000Z,458.971,1183.4333854238503,63,133,164,172
C:\Users\12063\Downloads\sqlite\strava_nike_performance_analysis\data\raw\tcx\a90da17b-7a4f-4b5d-ba25-3f9df08f0c99.tcx,2025-10-01T23:38:42.061Z,Running,2025-10-01T23:38:42.061000Z,647.302,1726.998622982297,70,,,161
C:\Users\12063\Downloads\sqlite\strava_nike_performance_analysis\data\raw\tcx\a94a3777-c396-4842-ad26-b09ed7475351.tcx,2022-11-17T00:43:19.819Z,Running,2022-11-17T00:43:19.819000Z,616.435,800.3652430661022,38,127,152,107
C:\Users\12063\Downloads\sqlite\strava_nike_performance_analysis\data\raw\tcx\a9971435-e1e8-4451-b6fc-11230dd4981c.tcx,2025-07-24T02:01:31.279Z,Running,2025-07-24T02:01:31.279000Z,1797.2,4352.143037697069,175,150,168,150
C:\Users\12063\Downloads\sqlite\strava_nike_performance_analysis\data\raw\tcx\a9b4773e-070c-44e9-98af-e10dd5ef2ffd.tcx,2025-04-09T13:29:20.866Z,Running,2025-04-09T13:29:20.866000Z,623.142,1720.276805533213,69,,,161
C:\Users\12063\Downloads\sqlite\strava_nike_performance_analysis\data\raw\tcx\ac0c0bec-8f92-44ed-95be-4529a01128e4.tcx,2025-08-04T02:08:38.510Z,Running,2025-08-04T02:08:38.510000Z,7146.337,21708.463229897872,897,,,167
C:\Users\12063\Downloads\sqlite\strava_nike_performance_analysis\data\raw\tcx\acc383b1-f280-49d7-8855-d45de8176c28.tcx,2022-11-17T00:13:26.235Z,Running,2022-11-17T00:13:26.235000Z,535.413,1164.035555026028,69,147,178,165
C:\Users\12063\Downloads\sqlite\strava_nike_performance_analysis\data\raw\tcx\ae148d14-62af-4c4e-81c9-cc07cf1e2b6f.tcx,2025-04-28T16:27:41.291Z,Running,2025-04-28T16:27:41.291000Z,639.902,1689.7096513452695,67,,,160
C:\Users\12063\Downloads\sqlite\strava_nike_performance_analysis\data\raw\tcx\af203c29-5519-4910-a05f-31cfdf80b572.tcx,2022-10-14T20:51:30.992Z,Running,2022-10-14T20:51:30.992000Z,2844.534,6208.116857375015,244,,,136
C:\Users\12063\Downloads\sqlite\strava_nike_performance_analysis\data\raw\tcx\afb78528-5f50-4a60-b111-50cb56d95f9e.tcx,2025-10-29T19:58:26.147Z,Running,2025-10-29T19:58:26.147000Z,5547.469,14553.947360353082,594,,,154
C:\Users\12063\Downloads\sqlite\strava_nike_performance_analysis\data\raw\tcx\afd21b38-dc48-48d6-8200-a62c87dd0c95.tcx,2023-05-25T02:49:53.218Z,Running,2023-05-25T02:49:53.218000Z,2620.197,8364.676366354337,458,160,183,170
C:\Users\12063\Downloads\sqlite\strava_nike_performance_analysis\data\raw\tcx\afe426db-beb0-476b-b7bd-123a538e68a1.tcx,2025-07-30T23:10:37.509Z,Running,2025-07-30T23:10:37.509000Z,1958.496,6333.772046997676,264,,,164
C:\Users\12063\Downloads\sqlite\strava_nike_performance_analysis\data\raw\tcx\b074592c-3632-4955-89f3-929c30d29b85.tcx,2023-03-05T22:32:48.383Z,Running,2023-03-05T22:32:48.383000Z,2500.442,5886.030968323351,293,152,188,149
C:\Users\12063\Downloads\sqlite\strava_nike_performance_analysis\data\raw\tcx\b0c7689a-ec08-4956-8a91-873744254926.tcx,2024-09-05T17:44:36.274Z,Running,2024-09-05T17:44:36.274000Z,871.969,2410.645142429509,131,171,184,158
C:\Users\12063\Downloads\sqlite\strava_nike_performance_analysis\data\raw\tcx\b15ba554-32c3-494d-800d-7bfb481f0d94.tcx,2025-06-19T00:08:50.042Z,Running,2025-06-19T00:08:50.042000Z,1930.369,4954.114277377959,197,,,155
C:\Users\12063\Downloads\sqlite\strava_nike_performance_analysis\data\raw\tcx\b36497e2-e787-4d73-8df9-b640393903d5.tcx,2024-08-07T02:36:39.888Z,Running,2024-08-07T02:36:39.888000Z,2009.332,5289.738572209142,275,162,176,162
C:\Users\12063\Downloads\sqlite\strava_nike_performance_analysis\data\raw\tcx\b37a531c-3e72-41d5-aa80-1e365ebe550d.tcx,2026-01-15T01:30:17.427Z,Running,2026-01-15T01:30:17.427000Z,3280.491,8620.934559419746,350,,,153
C:\Users\12063\Downloads\sqlite\strava_nike_performance_analysis\data\raw\tcx\b5432a6e-ca73-41bd-94d9-5d439bf00ffe.tcx,2023-04-15T18:53:38.780Z,Running,2023-04-15T18:53:38.780000Z,2101.807,5460.456895784467,270,147,196,151
C:\Users\12063\Downloads\sqlite\strava_nike_performance_analysis\data\raw\tcx\b57aa30b-cae4-4760-b79a-8613dfd2a0b7.tcx,2025-12-27T17:05:35.747Z,Running,2025-12-27T17:05:35.747000Z,1250.773,3043.7595272813974,120,,,151
C:\Users\12063\Downloads\sqlite\strava_nike_performance_analysis\data\raw\tcx\b5fa3288-7b12-4c7c-a6a5-954c64886c6d.tcx,2025-12-06T01:27:46.103Z,Running,2025-12-06T01:27:46.103000Z,1157.374,2716.988230452875,112,,,143
C:\Users\12063\Downloads\sqlite\strava_nike_performance_analysis\data\raw\tcx\b7137d3a-08e0-46b6-b627-0b215293117a.tcx,2023-05-31T22:24:51.008Z,Running,2023-05-31T22:24:51.008000Z,3522.078,11425.971309877952,625,163,190,172
C:\Users\12063\Downloads\sqlite\strava_nike_performance_analysis\data\raw\tcx\b7162e36-7078-454c-af71-4c547704c3d0.tcx,2023-02-24T22:38:50.552Z,Running,2023-02-24T22:38:50.552000Z,3274.535,9695.201085059902,529,164,183,164
C:\Users\12063\Downloads\sqlite\strava_nike_performance_analysis\data\raw\tcx\bb30cbe3-a9be-430b-a549-adb3fb021770.tcx,2025-12-31T02:14:33.509Z,Running,2025-12-31T02:14:33.509000Z,3900.926,10558.907832794344,430,,,157
C:\Users\12063\Downloads\sqlite\strava_nike_performance_analysis\data\raw\tcx\bcf7aaa8-60c4-4a52-8be4-884bbfd13da4.tcx,2025-05-26T01:25:32.545Z,Running,2025-05-26T01:25:32.545000Z,6386.155,15854.087309613122,629,,,155
C:\Users\12063\Downloads\sqlite\strava_nike_performance_analysis\data\raw\tcx\bd4dd691-bbbd-4235-9bed-790e6f8a1723.tcx,2022-10-17T22:21:42.746Z,Running,2022-10-17T22:21:42.746000Z,2139.198,5216.35132358526,207,,,154
C:\Users\12063\Downloads\sqlite\strava_nike_performance_analysis\data\raw\tcx\bfb9e11c-4cc3-41ea-907f-cd409a0fd0df.tcx,2026-01-03T17:06:48.331Z,Running,2026-01-03T17:06:48.331000Z,1173.199,3056.5697917398084,126,,,154
C:\Users\12063\Downloads\sqlite\strava_nike_performance_analysis\data\raw\tcx\c04d0e39-74e5-4167-ad7f-fae050087ab8.tcx,2023-06-27T01:14:09.958Z,Running,2023-06-27T01:14:09.958000Z,1926.045,5370.856929046099,228,,,155
C:\Users\12063\Downloads\sqlite\strava_nike_performance_analysis\data\raw\tcx\c0c1c5c0-e330-4d38-bc24-0572ff6e2193.tcx,2023-06-29T16:54:05.418Z,Running,2023-06-29T16:54:05.418000Z,2138.538,4309.034759845585,235,138,177,138
C:\Users\12063\Downloads\sqlite\strava_nike_performance_analysis\data\raw\tcx\c2019c71-0404-490c-bcb1-10d334470adf.tcx,2025-12-27T19:53:00.739Z,Running,2025-12-27T19:53:00.739000Z,2247.668,5922.145008835011,240,,,158
C:\Users\12063\Downloads\sqlite\strava_nike_performance_analysis\data\raw\tcx\c22a5100-1479-4eea-8324-931d0f8cb7d8.tcx,2025-10-26T16:59:33.218Z,Running,2025-10-26T16:59:33.218000Z,1389.539,5030.905152940654,211,,,173
C:\Users\12063\Downloads\sqlite\strava_nike_performance_analysis\data\raw\tcx\c238993d-1457-426a-87b5-14f3e417304d.tcx,2023-03-13T22:51:51.498Z,Running,2023-03-13T22:51:51.498000Z,2075.588,5145.45498611592,248,154,199,138
C:\Users\12063\Downloads\sqlite\strava_nike_performance_analysis\data\raw\tcx\c42b5f67-41b0-4f1e-b63b-794d3b5e34d0.tcx,2025-07-22T00:02:44.792Z,Running,2025-07-22T00:02:44.792000Z,8405.184,20929.009002679235,848,,,156
C:\Users\12063\Downloads\sqlite\strava_nike_performance_analysis\data\raw\tcx\c53d9e8d-aa0c-4923-b5f2-dbfeb3ed24ef.tcx,2025-10-05T17:12:55.472Z,Running,2025-10-05T17:12:55.472000Z,1007.963,2461.9308523079394,97,,,153
C:\Users\12063\Downloads\sqlite\strava_nike_performance_analysis\data\raw\tcx\c5567a78-9f9e-4eff-baed-f13f53c94b9e.tcx,2023-11-21T15:26:42.446Z,Running,2023-11-21T15:26:42.446000Z,2849.254,6394.760633177121,374,157,180,151
C:\Users\12063\Downloads\sqlite\strava_nike_performance_analysis\data\raw\tcx\c561fdd4-c505-4e02-b53b-1f693616e0d0.tcx,2025-11-29T08:58:25.019Z,Running,2025-11-29T08:58:25.019000Z,1671.655,4084.69040005701,162,,,136
C:\Users\12063\Downloads\sqlite\strava_nike_performance_analysis\data\raw\tcx\c62f7044-9880-4bb3-9f37-b8287d83abda.tcx,2023-05-03T22:27:12.494Z,Running,2023-05-03T22:27:12.494000Z,609.284,1779.0958749391134,168,126,184,170
C:\Users\12063\Downloads\sqlite\strava_nike_performance_analysis\data\raw\tcx\c6711f99-ef83-46a2-8b2d-171bbbdc0de4.tcx,2026-02-09T23:38:02.029Z,Running,2026-02-09T23:38:02.029000Z,2874.793,7719.670727818276,313,,,142
C:\Users\12063\Downloads\sqlite\strava_nike_performance_analysis\data\raw\tcx\c6e0fb04-54fd-4c22-8815-9c5fb3aa36da.tcx,2023-06-13T22:01:53.008Z,Running,2023-06-13T22:01:53.008000Z,6407.759,21203.62781458903,1129,165,192,172
C:\Users\12063\Downloads\sqlite\strava_nike_performance_analysis\data\raw\tcx\c76dc696-b589-44c2-8ada-faaec3e52c53.tcx,2025-12-11T06:18:13.485Z,Running,2025-12-11T06:18:13.485000Z,1650.0,4345.228800000001,,,,
C:\Users\12063\Downloads\sqlite\strava_nike_performance_analysis\data\raw\tcx\c7b3c7a6-78c9-4ef3-8fc1-297866efd1f7.tcx,2025-08-02T16:02:29.607Z,Running,2025-08-02T16:02:29.607000Z,997.701,3063.681880512971,126,,,165
C:\Users\12063\Downloads\sqlite\strava_nike_performance_analysis\data\raw\tcx\c95019eb-ea57-4f5a-b216-934641b11eb5.tcx,2023-05-08T02:12:42.783Z,Running,2023-05-08T02:12:42.783000Z,1807.885,4791.1991808572775,266,161,187,161
C:\Users\12063\Downloads\sqlite\strava_nike_performance_analysis\data\raw\tcx\c96791e4-f928-4b34-bf94-d8d2cd975786.tcx,2025-10-22T00:00:52.854Z,Running,2025-10-22T00:00:52.854000Z,2940.184,5947.851749688391,228,,,125
C:\Users\12063\Downloads\sqlite\strava_nike_performance_analysis\data\raw\tcx\cae40b4b-289a-438d-b8a0-c0396e4b5d66.tcx,2026-02-13T22:20:55.851Z,Running,2026-02-13T22:20:55.851000Z,2695.488,7383.209681477868,301,,,161
C:\Users\12063\Downloads\sqlite\strava_nike_performance_analysis\data\raw\tcx\cbbbac5a-47a2-4423-98b8-f58078104321.tcx,2023-06-27T16:38:53.756Z,Running,2023-06-27T16:38:53.756000Z,3923.842,11587.36477284694,627,165,187,174
C:\Users\12063\Downloads\sqlite\strava_nike_performance_analysis\data\raw\tcx\cc10df73-e162-4650-ac67-cb9af6044910.tcx,2025-04-08T13:21:50.425Z,Running,2025-04-08T13:21:50.425000Z,656.294,1781.174153168452,72,,,158
C:\Users\12063\Downloads\sqlite\strava_nike_performance_analysis\data\raw\tcx\cd9823f3-9a0d-4f74-8e93-874b05cb9966.tcx,2025-05-14T03:13:59.498Z,Running,2025-05-14T03:13:59.498000Z,2861.645,6536.243894793903,256,161,186,140
C:\Users\12063\Downloads\sqlite\strava_nike_performance_analysis\data\raw\tcx\cf2d0f05-85d7-44ab-ac30-74e51334bea0.tcx,2022-11-24T18:55:58.081Z,Running,2022-11-24T18:55:58.081000Z,434.709,1155.587863036897,99,184,192,174
C:\Users\12063\Downloads\sqlite\strava_nike_performance_analysis\data\raw\tcx\cf38fad4-83bf-4731-b8a6-c0119bc12ae2.tcx,2026-01-06T02:42:26.264Z,Running,2026-01-06T02:42:26.264000Z,3746.391,9846.107573172543,391,,,149
C:\Users\12063\Downloads\sqlite\strava_nike_performance_analysis\data\raw\tcx\cfc00804-392f-43d9-ba2c-dfbd7b83f23f.tcx,2023-03-27T22:35:37.577Z,Running,2023-03-27T22:35:37.577000Z,2349.586,6835.652476515621,349,170,201,140
C:\Users\12063\Downloads\sqlite\strava_nike_performance_analysis\data\raw\tcx\d06cc8a2-48e2-4724-b6c7-4b80c19aa896.tcx,2025-10-03T23:22:25.764Z,Running,2025-10-03T23:22:25.764000Z,3901.577,7949.0521965669595,306,,,133
C:\Users\12063\Downloads\sqlite\strava_nike_performance_analysis\data\raw\tcx\d31d2d76-01e2-42e0-84a6-64c74fdbfb47.tcx,2025-07-03T05:05:46.253Z,Running,2025-07-03T05:05:46.253000Z,234.958,489.2903984051661,18,,,146
C:\Users\12063\Downloads\sqlite\strava_nike_performance_analysis\data\raw\tcx\d37a7430-142c-491e-afa2-0f1fc058f8ac.tcx,2024-07-14T22:07:06.343Z,Running,2024-07-14T22:07:06.343000Z,2328.962,3941.7165750944932,221,163,195,126
C:\Users\12063\Downloads\sqlite\strava_nike_performance_analysis\data\raw\tcx\d4c4bb84-e701-4154-9352-5743e357177e.tcx,2025-10-15T01:43:31.464Z,Running,2025-10-15T01:43:31.464000Z,4003.097,9996.988317065414,399,,,152
C:\Users\12063\Downloads\sqlite\strava_nike_performance_analysis\data\raw\tcx\d502d6a3-ff19-487d-8275-ec3ef3f77903.tcx,2025-04-11T17:49:41.927Z,Running,2025-04-11T17:49:41.927000Z,2002.0,5858.01216,,,,
C:\Users\12063\Downloads\sqlite\strava_nike_performance_analysis\data\raw\tcx\d50f7214-c158-4fc0-bf53-9424cf4f33d8.tcx,2026-02-06T22:55:34.834Z,Running,2026-02-06T22:55:34.834000Z,2602.917,7042.353652083314,284,,,153
C:\Users\12063\Downloads\sqlite\strava_nike_performance_analysis\data\raw\tcx\d5671837-6e25-4d73-896d-468d314c1c8a.tcx,2025-07-04T23:02:47.084Z,Running,2025-07-04T23:02:47.084000Z,1881.635,3234.615574368966,121,,,125
C:\Users\12063\Downloads\sqlite\strava_nike_performance_analysis\data\raw\tcx\d5e734f5-7421-4557-a531-617483e4cf88.tcx,2026-01-24T18:11:28.327Z,Running,2026-01-24T18:11:28.327000Z,3347.018,8170.679863670836,324,,,154
C:\Users\12063\Downloads\sqlite\strava_nike_performance_analysis\data\raw\tcx\d62e8f22-6798-4a3b-b275-f32478ec650b.tcx,2026-02-04T23:10:59.317Z,Running,2026-02-04T23:10:59.317000Z,2008.477,5063.037132998931,200,,,136
C:\Users\12063\Downloads\sqlite\strava_nike_performance_analysis\data\raw\tcx\d63b0262-9d3b-4513-89aa-dba4f0aeed0c.tcx,2026-01-01T00:48:51.347Z,Running,2026-01-01T00:48:51.347000Z,2950.233,6491.724951412999,251,,,144
C:\Users\12063\Downloads\sqlite\strava_nike_performance_analysis\data\raw\tcx\d64077c4-69d3-4618-b885-53769fc35497.tcx,2023-05-11T22:31:36.908Z,Running,2023-05-11T22:31:36.908000Z,1423.577,4082.618703674527,210,148,174,173
C:\Users\12063\Downloads\sqlite\strava_nike_performance_analysis\data\raw\tcx\d6653d17-8cec-42f1-ac03-f5dfd90f4860.tcx,2025-06-21T01:12:46.546Z,Running,2025-06-21T01:12:46.546000Z,1989.952,4312.808003114069,163,130,159,135
C:\Users\12063\Downloads\sqlite\strava_nike_performance_analysis\data\raw\tcx\d68a4e61-6a84-4671-9876-ca635d6abc4a.tcx,2026-03-03T19:56:39.185Z,Running,2026-03-03T19:56:39.185000Z,1024.19,2928.3083850853127,120,,,162
C:\Users\12063\Downloads\sqlite\strava_nike_performance_analysis\data\raw\tcx\d6928c45-8668-41f8-a7aa-680227c0fcd5.tcx,2025-04-20T12:29:50.948Z,Running,2025-04-20T12:29:50.948000Z,626.249,1713.5912601232994,69,,,163
C:\Users\12063\Downloads\sqlite\strava_nike_performance_analysis\data\raw\tcx\d714f9e6-c45e-416d-8130-4b368afceb02.tcx,2022-09-14T23:09:44.831Z,Running,2022-09-14T23:09:44.831000Z,968.058,1841.3055661809615,72,,,132
C:\Users\12063\Downloads\sqlite\strava_nike_performance_analysis\data\raw\tcx\d7dec75d-e553-4ba6-a15c-3b4e15d041ba.tcx,2022-12-13T22:20:22.588Z,Running,2022-12-13T22:20:22.588000Z,1529.952,4886.251940743536,303,153,186,168
C:\Users\12063\Downloads\sqlite\strava_nike_performance_analysis\data\raw\tcx\d8b9466a-6eb0-429a-b376-4fd17dd89f50.tcx,2025-09-22T23:14:57.308Z,Running,2025-09-22T23:14:57.308000Z,3045.235,7445.985134926628,299,,,151
C:\Users\12063\Downloads\sqlite\strava_nike_performance_analysis\data\raw\tcx\dafcb533-bc08-4ffd-b7ac-76c3a99f7d05.tcx,2024-09-19T23:35:42.038Z,Running,2024-09-19T23:35:42.038000Z,1915.698,4168.78937413916,250,148,178,153
C:\Users\12063\Downloads\sqlite\strava_nike_performance_analysis\data\raw\tcx\dbc08d58-5550-4137-bfb6-d97cd6afcf94.tcx,2025-04-10T16:09:57.619Z,Running,2025-04-10T16:09:57.619000Z,627.889,1715.1166560004935,69,,,161
C:\Users\12063\Downloads\sqlite\strava_nike_performance_analysis\data\raw\tcx\dcb7885c-ce08-4318-8346-80d0f22c78df.tcx,2025-06-21T16:02:46.131Z,Running,2025-06-21T16:02:46.131000Z,1179.402,3038.1493244662424,122,,,165
C:\Users\12063\Downloads\sqlite\strava_nike_performance_analysis\data\raw\tcx\dcdbeba3-7d6f-4d85-a824-a62c50fd6093.tcx,2023-06-03T18:12:44.026Z,Running,2023-06-03T18:12:44.026000Z,6409.358,20926.09787641747,1119,166,198,171
C:\Users\12063\Downloads\sqlite\strava_nike_performance_analysis\data\raw\tcx\deafd022-ba23-42f2-b126-0a539c005996.tcx,2022-11-11T20:37:25.292Z,Running,2022-11-11T20:37:25.292000Z,5342.824,11482.95217724566,583,150,193,137
C:\Users\12063\Downloads\sqlite\strava_nike_performance_analysis\data\raw\tcx\df59cf65-cfbf-4244-b83b-f9ddc6900029.tcx,2023-05-05T20:50:50.145Z,Running,2023-05-05T20:50:50.145000Z,1834.006,6048.312213812958,319,165,194,177
C:\Users\12063\Downloads\sqlite\strava_nike_performance_analysis\data\raw\tcx\dfeb38a1-63d7-4669-9b8c-7f1888ddb845.tcx,2026-02-18T01:04:20.918Z,Running,2026-02-18T01:04:20.918000Z,2211.711,5631.017361124512,232,,,129
C:\Users\12063\Downloads\sqlite\strava_nike_performance_analysis\data\raw\tcx\dff67597-040c-44f7-a30f-264ab6a2eefe.tcx,2025-04-19T14:41:52.847Z,Running,2025-04-19T14:41:52.847000Z,650.293,1692.2839897720842,67,,,161
C:\Users\12063\Downloads\sqlite\strava_nike_performance_analysis\data\raw\tcx\dff79959-ca6f-41ad-b264-f4f9bd307444.tcx,2022-11-09T23:51:12.079Z,Running,2022-11-09T23:51:12.079000Z,2926.517,8591.501820344005,362,,,167
C:\Users\12063\Downloads\sqlite\strava_nike_performance_analysis\data\raw\tcx\e0e10ed3-9761-4a4e-ab64-bc760fe5ef04.tcx,2023-03-04T00:18:50.819Z,Running,2023-03-04T00:18:50.819000Z,1378.966,3014.902596495117,166,136,178,146
C:\Users\12063\Downloads\sqlite\strava_nike_performance_analysis\data\raw\tcx\e12c38f9-17f8-4234-b26a-a533e72c33f2.tcx,2025-10-31T23:25:47.134Z,Running,2025-10-31T23:25:47.134000Z,3720.902,6995.273118255192,271,,,124
C:\Users\12063\Downloads\sqlite\strava_nike_performance_analysis\data\raw\tcx\e29fa2f2-3d6d-413a-926d-dbb236697b06.tcx,2025-10-11T16:05:41.440Z,Running,2025-10-11T16:05:41.440000Z,1254.025,3054.043511127587,121,,,163
C:\Users\12063\Downloads\sqlite\strava_nike_performance_analysis\data\raw\tcx\e306c9b4-5c05-422f-9bc8-81c89dcaa0ac.tcx,2025-04-12T17:56:52.428Z,Running,2025-04-12T17:56:52.428000Z,551.002,1717.3992726488516,71,,,164
C:\Users\12063\Downloads\sqlite\strava_nike_performance_analysis\data\raw\tcx\e441b06c-d845-4151-9aaf-21649a99453e.tcx,2022-11-28T22:24:45.178Z,Running,2022-11-28T22:24:45.178000Z,363.764,1237.7858119038865,80,150,176,180
C:\Users\12063\Downloads\sqlite\strava_nike_performance_analysis\data\raw\tcx\e474365f-fbe3-4517-801b-75f507e91893.tcx,2025-11-20T05:07:49.771Z,Running,2025-11-20T05:07:49.771000Z,4623.763,11897.489107615307,481,,,155
C:\Users\12063\Downloads\sqlite\strava_nike_performance_analysis\data\raw\tcx\e48a5eb2-be75-4fb8-a466-e4956a687db3.tcx,2025-08-01T23:56:10.248Z,Running,2025-08-01T23:56:10.248000Z,3021.664,4317.500968997823,161,,,112
C:\Users\12063\Downloads\sqlite\strava_nike_performance_analysis\data\raw\tcx\e6e36e61-41db-41cf-bf1d-ed737b2c9451.tcx,2022-11-14T23:48:03.340Z,Running,2022-11-14T23:48:03.340000Z,1243.399,3818.12872753199,230,157,184,178
C:\Users\12063\Downloads\sqlite\strava_nike_performance_analysis\data\raw\tcx\e7b94f7a-ecff-4eeb-9435-b75b57aa134e.tcx,2022-11-15T00:15:35.591Z,Running,2022-11-15T00:15:35.591000Z,1031.568,3257.2705254522157,203,144,183,178
C:\Users\12063\Downloads\sqlite\strava_nike_performance_analysis\data\raw\tcx\e7ea2939-e073-48a2-a255-86ee4232ce28.tcx,2022-11-21T23:47:18.952Z,Running,2022-11-21T23:47:18.952000Z,1874.384,3191.5902799763667,138,136,191,119
C:\Users\12063\Downloads\sqlite\strava_nike_performance_analysis\data\raw\tcx\e896c1a9-87b6-480d-851b-763f6c9dac38.tcx,2022-10-26T22:26:26.703Z,Running,2022-10-26T22:26:26.703000Z,837.578,2449.0274533189363,101,,,160
C:\Users\12063\Downloads\sqlite\strava_nike_performance_analysis\data\raw\tcx\e8c706f7-aa33-498d-a77d-3bf96e8835ef.tcx,2025-10-05T15:57:56.769Z,Running,2025-10-05T15:57:56.769000Z,867.232,1468.0020269178779,58,,,116
C:\Users\12063\Downloads\sqlite\strava_nike_performance_analysis\data\raw\tcx\e97696e0-1dba-46a9-84fb-363156ada392.tcx,2022-10-15T16:19:54.793Z,Running,2022-10-15T16:19:54.793000Z,966.073,3251.8896890485175,136,155,179,175
C:\Users\12063\Downloads\sqlite\strava_nike_performance_analysis\data\raw\tcx\e9b46c62-cfe5-4215-95e0-932bc01dcc31.tcx,2025-10-26T16:29:43.193Z,Running,2025-10-26T16:29:43.193000Z,687.445,1650.217567943503,65,,,148
C:\Users\12063\Downloads\sqlite\strava_nike_performance_analysis\data\raw\tcx\e9c5440d-1376-44fa-9955-bd146552b986.tcx,2025-05-11T13:21:49.918Z,Running,2025-05-11T13:21:49.918000Z,476.704,903.1707580088404,36,,,121
C:\Users\12063\Downloads\sqlite\strava_nike_performance_analysis\data\raw\tcx\eaab57e4-0729-4e74-bef3-dc0300eee30e.tcx,2023-06-20T20:19:25.065Z,Running,2023-06-20T20:19:25.065000Z,3755.085,10849.782803587628,582,153,190,168
C:\Users\12063\Downloads\sqlite\strava_nike_performance_analysis\data\raw\tcx\eb5a11f8-a603-421d-8882-00df39c7f710.tcx,2026-01-22T02:23:48.076Z,Running,2026-01-22T02:23:48.076000Z,1793.245,4784.212460100184,201,,,132
C:\Users\12063\Downloads\sqlite\strava_nike_performance_analysis\data\raw\tcx\ec25afe2-bd57-440d-ad2c-3cb097a12f80.tcx,2025-11-08T01:29:52.778Z,Running,2025-11-08T01:29:52.778000Z,11209.411,32187.93003478168,1331,,,164
C:\Users\12063\Downloads\sqlite\strava_nike_performance_analysis\data\raw\tcx\ecb98d0b-5fd3-45f6-8be9-d31efaa8996a.tcx,2025-04-13T11:54:05.486Z,Running,2025-04-13T11:54:05.486000Z,5341.446,14865.676227287993,608,,,165
C:\Users\12063\Downloads\sqlite\strava_nike_performance_analysis\data\raw\tcx\ed3196bf-59ba-419c-80e2-1ef4f9fb3388.tcx,2023-02-14T23:01:05.640Z,Running,2023-02-14T23:01:05.640000Z,1857.455,4632.73009730782,246,159,176,157
C:\Users\12063\Downloads\sqlite\strava_nike_performance_analysis\data\raw\tcx\edf2515c-aef3-44a0-be9f-8ab3406b578e.tcx,2025-09-09T00:19:48.447Z,Running,2025-09-09T00:19:48.447000Z,804.855,2060.7203534077858,85,,,148
C:\Users\12063\Downloads\sqlite\strava_nike_performance_analysis\data\raw\tcx\edf47b89-5502-4066-b6ef-ac52edaf3526.tcx,2023-03-17T22:38:32.992Z,Running,2023-03-17T22:38:32.992000Z,2503.799,7789.588478471145,365,169,195,152
C:\Users\12063\Downloads\sqlite\strava_nike_performance_analysis\data\raw\tcx\ee197fdf-2c69-455e-9896-bf29e56dc7b9.tcx,2025-08-18T02:57:05.320Z,Running,2025-08-18T02:57:05.320000Z,2399.604,6794.705460905554,279,,,149
C:\Users\12063\Downloads\sqlite\strava_nike_performance_analysis\data\raw\tcx\ef312365-f79a-4eba-8210-c18f0823c1c4.tcx,2025-01-08T01:11:16.441Z,Running,2025-01-08T01:11:16.441000Z,3053.686,6556.181086887136,251,,,131
C:\Users\12063\Downloads\sqlite\strava_nike_performance_analysis\data\raw\tcx\efd0f52b-44df-47cc-bcac-d253f9dc5e44.tcx,2025-05-20T03:24:36.159Z,Running,2025-05-20T03:24:36.159000Z,639.151,1225.6986526750259,43,,,120
C:\Users\12063\Downloads\sqlite\strava_nike_performance_analysis\data\raw\tcx\f0cad5d2-17a4-4456-b8cb-f61fc08080ee.tcx,2025-09-06T16:01:21.472Z,Running,2025-09-06T16:01:21.472000Z,1197.629,3083.2973265850437,124,,,157
C:\Users\12063\Downloads\sqlite\strava_nike_performance_analysis\data\raw\tcx\f10dbe3e-f3d8-4614-8be2-72dd32f44d83.tcx,2026-03-01T00:52:12.947Z,Running,2026-03-01T00:52:12.947000Z,991.378,2617.192125776785,105,,,151
C:\Users\12063\Downloads\sqlite\strava_nike_performance_analysis\data\raw\tcx\f13069f7-4507-47c6-b0e5-7b61a125f0f4.tcx,2025-05-04T12:11:08.875Z,Running,2025-05-04T12:11:08.875000Z,4880.849,12709.133146913038,511,,,163
C:\Users\12063\Downloads\sqlite\strava_nike_performance_analysis\data\raw\tcx\f14c7551-9919-4931-a14e-a0048947f503.tcx,2026-02-04T02:27:10.597Z,Running,2026-02-04T02:27:10.597000Z,3236.94,9217.757999354031,376,,,158
C:\Users\12063\Downloads\sqlite\strava_nike_performance_analysis\data\raw\tcx\f1755914-bdc4-4265-a5a0-620aa12dc957.tcx,2023-03-21T22:44:26.829Z,Running,2023-03-21T22:44:26.829000Z,2103.585,6072.075064609759,314,168,194,183
C:\Users\12063\Downloads\sqlite\strava_nike_performance_analysis\data\raw\tcx\f31c1c4d-7d6c-4ed7-ad10-eac1e2c949d6.tcx,2025-07-22T02:54:22.708Z,Running,2025-07-22T02:54:22.708000Z,743.423,1348.1416632109328,47,,,128
C:\Users\12063\Downloads\sqlite\strava_nike_performance_analysis\data\raw\tcx\f41f54fa-e6b2-41b4-879e-6f41204fb526.tcx,2025-07-30T23:50:31.883Z,Running,2025-07-30T23:50:31.883000Z,616.484,1367.1759503125206,53,,,148
C:\Users\12063\Downloads\sqlite\strava_nike_performance_analysis\data\raw\tcx\f4273f7c-5895-4602-8b22-18a7466835c1.tcx,2025-10-06T23:59:27.050Z,Running,2025-10-06T23:59:27.050000Z,1806.273,3789.813894473946,143,,,135
C:\Users\12063\Downloads\sqlite\strava_nike_performance_analysis\data\raw\tcx\f5a08175-473e-4129-8070-60f2660b5805.tcx,2023-02-12T23:47:38.307Z,Running,2023-02-12T23:47:38.307000Z,1582.677,3935.64684199961,200,151,177,159
C:\Users\12063\Downloads\sqlite\strava_nike_performance_analysis\data\raw\tcx\f5de2880-9294-45db-ab06-dce6388f7926.tcx,2024-09-05T18:00:35.362Z,Running,2024-09-05T18:00:35.362000Z,694.96,1775.4551196899263,100,182,189,153
C:\Users\12063\Downloads\sqlite\strava_nike_performance_analysis\data\raw\tcx\f6c3380c-39c9-4fd4-a5fe-7580cfd2fa5b.tcx,2023-03-31T19:14:14.447Z,Running,2023-03-31T19:14:14.447000Z,2788.149,9656.290692437442,537,179,206,184
C:\Users\12063\Downloads\sqlite\strava_nike_performance_analysis\data\raw\tcx\f6c730a2-2fd3-4298-a5f2-eb596486f12f.tcx,2023-09-12T18:20:42.153Z,Running,2023-09-12T18:20:42.153000Z,1463.333,4290.048834923655,219,170,184,161
C:\Users\12063\Downloads\sqlite\strava_nike_performance_analysis\data\raw\tcx\f786ee44-03a5-4bd0-b6b3-3dbee139c095.tcx,2025-01-04T23:36:14.338Z,Running,2025-01-04T23:36:14.338000Z,2100.881,5201.666948668595,206,,,152
C:\Users\12063\Downloads\sqlite\strava_nike_performance_analysis\data\raw\tcx\f7cd3711-0848-4cc0-8966-d8008ac73daf.tcx,2025-04-05T16:01:42.352Z,Running,2025-04-05T16:01:42.352000Z,1464.678,4998.533506924402,209,,,169
C:\Users\12063\Downloads\sqlite\strava_nike_performance_analysis\data\raw\tcx\f8555db9-6070-4754-bf5e-68b18a6c4129.tcx,2023-05-09T22:29:24.943Z,Running,2023-05-09T22:29:24.943000Z,2253.727,6219.792831845119,254,,,172
C:\Users\12063\Downloads\sqlite\strava_nike_performance_analysis\data\raw\tcx\f91a386f-b8ab-4f21-9913-69875f923668.tcx,2022-10-28T21:14:31.779Z,Running,2022-10-28T21:14:31.779000Z,1173.124,2993.3368143229727,120,,,163
C:\Users\12063\Downloads\sqlite\strava_nike_performance_analysis\data\raw\tcx\f9cea352-f7e2-48ef-a3b4-4cb811224731.tcx,2022-11-19T22:06:24.164Z,Running,2022-11-19T22:06:24.164000Z,4520.601,14497.828919928515,780,175,194,182
C:\Users\12063\Downloads\sqlite\strava_nike_performance_analysis\data\raw\tcx\fc25f995-ee21-4e4b-af29-a1edd7477a21.tcx,2023-02-10T21:16:39.236Z,Running,2023-02-10T21:16:39.236000Z,2262.752,6017.648273602605,324,168,186,155
C:\Users\12063\Downloads\sqlite\strava_nike_performance_analysis\data\raw\tcx\fc2e99e0-a81d-4676-9ce8-d675fd5bdd5b.tcx,2023-06-17T00:08:31.155Z,Running,2023-06-17T00:08:31.155000Z,2668.886,8351.420505316,432,159,196,169
C:\Users\12063\Downloads\sqlite\strava_nike_performance_analysis\data\raw\tcx\fdea3fbb-133f-4674-92d2-841a7d62e6e4.tcx,2022-11-19T23:53:20.119Z,Running,2022-11-19T23:53:20.119000Z,710.938,1683.9836883125824,87,166,176,167
C:\Users\12063\Downloads\sqlite\strava_nike_performance_analysis\data\raw\tcx\fdfbd344-c69c-493c-ac2f-79d9c61d91ca.tcx,2026-01-27T22:58:36.207Z,Running,2026-01-27T22:58:36.207000Z,2654.706,6864.672712369357,275,,,161
C:\Users\12063\Downloads\sqlite\strava_nike_performance_analysis\data\raw\tcx\ff527145-2054-49ed-9286-928f4ab9148f.tcx,2026-03-06T00:46:56.583Z,Running,2026-03-06T00:46:56.583000Z,2226.22,6444.332707623952,264,,,157
C:\Users\12063\Downloads\sqlite\strava_nike_performance_analysis\data\raw\tcx\ff9d69d8-6c31-4a7b-b503-1646de10b9f2.tcx,2023-02-02T22:41:53.808Z,Running,2023-02-02T22:41:53.808000Z,1488.797,4091.60986705729,242,166,185,162
C:\Users\12063\Downloads\sqlite\strava_nike_performance_analysis\data\raw\tcx\ffbcd7e7-5649-4279-a6bf-8ec9130547a8.tcx,2025-11-25T02:36:21.571Z,Running,2025-11-25T02:36:21.571000Z,5773.391,16098.301087140566,659,,,158
